Report ID,Report Version,Reporting Entity,Report Type,Report Month,Report Year,Report Submission Date,VIN,VIN - Unknown,Serial Number,Make,Model,Model - Unknown,Model Year,Model Year - Unknown,Same Vehicle ID,Mileage,Mileage - Unknown,Driver / Operator Type,ADAS/ADS System Version,ADAS/ADS System Version - Unk,ADAS/ADS System Version CBI,ADAS/ADS Hardware Version,ADAS/ADS Hardware Version - Unk,ADAS/ADS Hardware Version CBI,ADAS/ADS Software Version,ADAS/ADS Software Version - Unk,ADAS/ADS Software Version CBI,Other Reporting Entities?,Other Reporting Entities? - Unk,Other Reporting Entities? - NA,Federal Regulatory Exemption?,Other Federal Reg. Exemption,Federal Reg. Exemption - Unk,Federal Reg. Exemption - No,State or Local Permit?,State or Local Permit,ADS Equipped?,Automation System Engaged?,Operating Entity,Operating Entity - Unknown,Source - Complaint/Claim,Source - Telematics,Source - Law Enforcement,Source - Field Report,Source - Testing,Source - Media,Source - Other,Source - Other Text,Incident Date,Incident Date - Unknown,Notice Received Date,Incident Time (24:00),Incident Time - Unknown,Same Incident ID,Latitude,Latitude - Unknown,Longitude,Longitude - Unknown,Address,Address - Unknown,City,City - Unknown,State,Zip Code,Zip Code - Unknown,Roadway Type,Roadway Surface,Roadway Description,Posted Speed Limit (MPH),Posted Speed Limit - Unknown,Lighting,Weather - Clear,Weather - Snow,Weather - Cloudy,Weather - Fog/Smoke,Weather - Rain,Weather - Severe Wind,Weather - Unknown,Weather - Other,Weather - Other Text,Crash With,Highest Injury Severity Alleged,Property Damage?,CP Pre-Crash Movement,CP Any Air Bags Deployed?,CP Was Vehicle Towed?,CP Contact Area - Rear Left,CP Contact Area - Left,CP Contact Area - Front Left,CP Contact Area - Rear,CP Contact Area - Top,CP Contact Area - Front,CP Contact Area - Rear Right,CP Contact Area - Right,CP Contact Area - Front Right,CP Contact Area - Bottom,CP Contact Area - Unknown,SV Pre-Crash Movement,SV Any Air Bags Deployed?,SV Was Vehicle Towed?,SV Were All Passengers Belted?,SV Precrash Speed (MPH),SV Pre-crash Speed - Unknown,SV Contact Area - Rear Left,SV Contact Area - Left,SV Contact Area - Front Left,SV Contact Area - Rear,SV Contact Area - Top,SV Contact Area - Front,SV Contact Area - Rear Right,SV Contact Area - Right,SV Contact Area - Front Right,SV Contact Area - Bottom,SV Contact Area - Unknown,Data Availability - EDR,Data Availability - Police Rpt,Data Availability - Telematics,Data Availability - Complaints,Data Availability - Video,Data Availability - Other,Data Availability - No Data,Data Availability - Unknown,Law Enforcement Investigating?,Investigating Agency,Investigating Agency - Unknown,Rep Ent Or Mfr Investigating?,Investigating Officer Name,Inv. Officer Name - Unknown,Investigating Officer Phone,Inv. Officer Phone - Unknown,Investigating Officer Email,Inv. Officer Email - Unknown,Within ODD?,Within ODD? - CBI,Narrative,Narrative - CBI?,hub_delta_v_less_than_1mph,hub_zip_code,hub_location,hub_crash_type,hub_is_police_reported,hub_is_any_injury_reported,data_period,reportable_v2,reportable_v3,filter_has_injury,filter_is_vru,filter_has_airbag,filter_has_tow,filter_is_5day_trigger,filter_is_single_vehicle,filter_waymo_struck_another,filter_deltav_over_1mph,filter_waymo_was_moving,filter_waymo_was_stationary
30270-3851,1,Waymo LLC,Monthly,8.0,2022.0,SEP-2022,SADHW2S11M1, ,,Jaguar,I-Pace, ,2021.0, ,03a8719f5e6a313,44439.0, ,In-Vehicle (Commercial / Test),5th Generation ADS, , ,, , ,, , ,, , ,,, , ,,,Yes,ADS,Waymo LLC, , ,Y, , , , , ,,AUG-2022, ,AUG-2022,00:06, ,46e037718707dda,[MAY CONTAIN PERSONALLY IDENTIFIABLE INFORMATION], ,[MAY CONTAIN PERSONALLY IDENTIFIABLE INFORMATION], ,[MAY CONTAIN PERSONALLY IDENTIFIABLE INFORMATION], ,Tempe, ,AZ ,[MAY CONTAIN PERSONALLY IDENTIFIABLE INFORMATION], ,Street,Dry,No Unusual Conditions,30.0, ,Dark - Lighted, , , , , , ,Y, ,,Passenger Car,No Injuries Reported,Yes,Stopped,No,No, ,Y, , , , , , , , , ,Proceeding Straight,No,No,Yes,10.0, , , , , , , ,Y, , , , , , ,Y, ,Y,Y, , ,No,, ,Yes,, ,, ,, ,Yes, ,"On August [XXX], 2022 at 12:06 AM PST a Waymo Autonomous Vehicle (""Waymo AV"") operating in Tempe, Arizona was in a collision involving a passenger vehicle near [XXX]. 
The Waymo AV was traveling eastbound on [XXX] when it approached a passenger vehicle stopped along the right shoulder in the bike lane. As the Waymo AV passed the passenger vehicle, one of the passenger vehicle's driver side doors opened and made contact with the Waymo AV. At the time of the impact, the Waymo AV's Level 4 ADS was engaged in autonomous mode, and a test driver was present (in the driver's seating position). Both vehicles sustained damage.
Waymo is reporting this crash under Request No. 2 of Standing General Order 2021-01. Waymo may supplement or correct its reporting with additional information as it may become available.", ,,,,,,,prior_june16,False,False,False,False,False,False,False,False,False,False,True,False
30270-4074,1,Waymo LLC,Monthly,9.0,2022.0,OCT-2022,1XPBD49X2ND, ,,Peterbilt,579 Epiq, ,2022.0, ,5fdcce1b9f02689,139488.0, ,In-Vehicle (Commercial / Test),5th Generation ADS, , ,, , ,, , ,, , ,,, , ,,,Yes,ADS,Waymo LLC, , ,Y, , , , , ,,SEP-2022, ,SEP-2022,04:03, ,eaaa32d19d1c43f,[MAY CONTAIN PERSONALLY IDENTIFIABLE INFORMATION], ,[MAY CONTAIN PERSONALLY IDENTIFIABLE INFORMATION], ,[MAY CONTAIN PERSONALLY IDENTIFIABLE INFORMATION], ,Huntsville, ,TX ,[MAY CONTAIN PERSONALLY IDENTIFIABLE INFORMATION], ,Highway / Freeway,Dry,No Unusual Conditions,75.0, ,Dark - Not Lighted,Y, , , , , , , ,,"Other, see Narrative",No Injuries Reported,Yes,"Other, see Narrative",Not Applicable,Not Applicable, , , , , , , , , , ,Y,Proceeding Straight,No,No,Yes,35.0, , , , , , , ,Y, , , , , , ,Y, ,Y,Y, , ,No,, ,Yes,, ,, ,, ,Yes, ,"On September [XXX], 2022 at 4:03 AM PST a Waymo Autonomous Vehicle (Waymo AV) Peterbilt Class 8 semi-truck and trailer, operating in Hunstville, Texas was in a collision involving a loose tire on southbound [XXX] near the [XXX].
The Waymo AV was in autonomous mode and in the rightmost lane approaching a slow-moving pickup truck traveling behind a slow-moving box truck, when the Waymo AV test driver transitioned to manual mode. The Waymo AV test driver then made a left lane change to pass the two vehicles. As the Waymo AV passed the pick-up truck and box truck, a loose wheel (including attached tire) appeared from behind the box truck rolling toward the Waymo AVs lane. The wheel/tire made contact with the passenger right side rear corner of the Waymo AVs trailer. At the time of the impact, the Waymo AVs Level 4 ADS was not engaged and a test driver was operating the Waymo AV in manual mode. The Waymo AVs trailer sustained damage.
Waymo is reporting this crash under Request No. 2 of Standing General Order 2021-01. Waymo may supplement or correct its reporting with additional information as it may become available.", ,,,,,,,prior_june16,False,False,False,False,False,False,False,False,False,False,True,False
30270-4104,2,Waymo LLC,10-Day Update,,,NOV-2022,1XPBD49X9ND, ,,Peterbilt,579 Epiq, ,2022.0, ,ecbf8e4637f763d,151927.0, ,In-Vehicle (Commercial / Test),5th Generation ADS, , ,, , ,, , ,, , ,,, , ,,,Yes,ADS,Waymo LLC, , ,Y, , , , , ,,OCT-2022, ,OCT-2022,13:35, ,17c618d238f493f,[MAY CONTAIN PERSONALLY IDENTIFIABLE INFORMATION], ,[MAY CONTAIN PERSONALLY IDENTIFIABLE INFORMATION], ,[MAY CONTAIN PERSONALLY IDENTIFIABLE INFORMATION], ,Tempe, ,AZ ,[MAY CONTAIN PERSONALLY IDENTIFIABLE INFORMATION], ,Highway / Freeway,Dry,No Unusual Conditions,65.0, ,Daylight,Y, , , , , , , ,,Passenger Car,No Injuries Reported,Yes,"Other, see Narrative",Yes,Unknown, , ,Y, , ,Y, , ,Y, , ,Proceeding Straight,No,Yes,Yes,59.0, , , , , , , ,Y,Y, , , , , ,Y, ,Y,Y, , ,Yes,AZ Highway Patrol Division, ,Yes,[MAY CONTAIN PERSONALLY IDENTIFIABLE INFORMATION], ,[MAY CONTAIN PERSONALLY IDENTIFIABLE INFORMATION], ,,Y,Yes, ,"The content of this report is unchanged from the initial report submitted on October [XXX], 2022 [REDACTED, MAY CONTAIN CONFIDENTIAL BUSINESS INFORMATION]. 
On October [XXX], 2022 at 1:35 PM PST a Waymo Autonomous Vehicle (""Waymo AV"") Peterbilt Class 8 semi-truck and trailer, operating in Tempe, Arizona was in a collision involving a passenger vehicle on [XXX] near [XXX].
The Waymo AV was traveling in autonomous mode on southbound [XXX] and an SUV was traveling ahead of the Waymo AV in the right adjacent lane. The SUV approached stopped traffic in its lane and struck a passenger vehicle. The Waymo AV test driver then transitioned to manual mode. The passenger vehicle that was struck by the SUV spun 90 degrees counterclockwise and was pushed partially into the Waymo AV's lane, making contact with the right side of the Waymo AV and trailer. At the time of the impact, the Waymo AV's Level 4 ADS was not engaged and a test driver was operating the Waymo AV in manual mode. The Waymo AV, trailer, and passenger vehicle sustained damage.
Waymo is reporting this crash under Request No. 1 of Standing General Order 2021-01 because an airbag deployed (in the passenger vehicle) and a vehicle involved was towed away. Waymo may supplement or correct its reporting with additional information as it may become available.", ,,,,,,,prior_june16,True,True,False,False,True,True,True,False,False,False,True,False
30270-4363,2,Waymo LLC,10-Day Update,,,DEC-2022,SADHW2S18M1, ,,Jaguar,I-Pace, ,2021.0, ,c076b8ec8eaf73f,47130.0, ,,5th Generation ADS, , ,, , ,, , ,, , ,,, , ,,,Yes,ADS,Waymo LLC, , ,Y, , , , , ,,DEC-2022, ,DEC-2022,21:05, ,c540122a7151606,[MAY CONTAIN PERSONALLY IDENTIFIABLE INFORMATION], ,[MAY CONTAIN PERSONALLY IDENTIFIABLE INFORMATION], ,[MAY CONTAIN PERSONALLY IDENTIFIABLE INFORMATION], ,Phoenix, ,AZ ,[MAY CONTAIN PERSONALLY IDENTIFIABLE INFORMATION], ,Parking Lot,Wet,No Unusual Conditions,15.0, ,Dark - Lighted,Y, , , , , , , ,,Other Fixed Object,No Injuries Reported,Yes,,,, , , , , , , , , , , ,Making Right Turn,No,Yes,No Passengers in Vehicle,11.0, , , ,Y, , ,Y,Y,Y,Y, , , , ,Y, ,Y,Y, , ,No,, ,Yes,, ,, ,, ,Yes, ,"Other than the updated Speed Limit field, the content of this report is unchanged from the initial report submitted on December 5, 2022 [REDACTED, MAY CONTAIN CONFIDENTIAL BUSINESS INFORMATION]. 
On December [XXX], 2022 at 9:05 PM PST a Waymo Autonomous Vehicle (Waymo AV) operating in Phoenix, Arizona was in a collision involving a fixed object in a parking lot on the 4100 block of [XXX]. 
The Waymo AV was traveling southbound in a parking lot on [XXX] when it approached a parking lot barrier arm. The Waymo AV initially slowed for the arm but then proceeded forward, making contact with it and opening it. At the time of the impact, the Waymo AVs Level 4 ADS was engaged in autonomous mode. The Waymo AV sustained damage.
Waymo is reporting this crash under Request No. 1 of Standing General Order 2021-01 because a vehicle involved was towed away. Waymo may supplement or correct its reporting with additional information as it may become available.", ,True,85012,PHOENIX,Single Vehicle,False,False,prior_june16,True,True,False,False,False,True,True,True,True,False,True,False
30270-4484,1,Waymo LLC,Monthly,11.0,2022.0,DEC-2022,SADHW2S10M1, ,,Jaguar,I-Pace, ,2021.0, ,751464043310771,33978.0, ,,5th Generation ADS, , ,, , ,, , ,, , ,,, , ,,,Yes,ADS,Waymo LLC, , ,Y, , , , , ,,NOV-2022, ,NOV-2022,08:48, ,420fb566c542133,[MAY CONTAIN PERSONALLY IDENTIFIABLE INFORMATION], ,[MAY CONTAIN PERSONALLY IDENTIFIABLE INFORMATION], ,[MAY CONTAIN PERSONALLY IDENTIFIABLE INFORMATION], ,Phoenix, ,AZ ,[MAY CONTAIN PERSONALLY IDENTIFIABLE INFORMATION], ,Street,Dry,No Unusual Conditions,25.0, ,Daylight,Y, , , , , , , ,,Heavy Truck,No Injuries Reported,Yes,Proceeding Straight,No,No, , ,Y, , , , , , , , ,Stopped,No,No,No Passengers in Vehicle,0.0, ,Y, , , , , , , , , , , , ,Y, ,Y,Y, , ,Yes,AZ Department of Safety: Mountain View Precinct, ,Yes,[MAY CONTAIN PERSONALLY IDENTIFIABLE INFORMATION], ,,Y,,Y,Yes, ,"On November [XXX], 2022 at 8:48 AM PST a Waymo Autonomous Vehicle (Waymo AV) operating in Phoenix, Arizona was in a collision involving a garbage truck on the 500 block of [XXX].
The Waymo AV was traveling eastbound on [XXX] when it encountered a stopped garbage truck traveling westbound. The Waymo AV pulled to the right side of the street and stopped, unable to proceed past the garbage truck and an SUV parked parallel to the curb. The garbage truck then attempted to pass between the Waymo AV and a parked passenger vehicle to the right of the garbage truck, and the garbage truck made contact with the left rear corner of the Waymo AV. At the time of the impact, the Waymo AVs Level 4 ADS was engaged in autonomous mode and the Waymo AV was stationary. The Waymo AV sustained damage.
Waymo is reporting this crash under Request No. 2 of Standing General Order 2021-01. Waymo may supplement or correct its reporting with additional information as it may become available.", ,True,85003,PHOENIX,V2V Head-on,True,False,prior_june16,False,False,False,False,False,False,False,False,False,False,False,True
30270-4708,1,Waymo LLC,Monthly,12.0,2022.0,JAN-2023,1XPBD49X5MD, ,,Peterbilt,579 Epiq, ,2021.0, ,e3f4abc806213fd,224066.0, ,In-Vehicle (Commercial / Test),5th Generation ADS, , ,, , ,, , ,, , ,,, , ,,,Yes,ADS,Waymo LLC, , ,Y, , , , , ,,DEC-2022, ,DEC-2022,5:18, ,38b526747d0f6d0,[MAY CONTAIN PERSONALLY IDENTIFIABLE INFORMATION], ,[MAY CONTAIN PERSONALLY IDENTIFIABLE INFORMATION], ,[MAY CONTAIN PERSONALLY IDENTIFIABLE INFORMATION], ,Sacaton, ,AZ ,[MAY CONTAIN PERSONALLY IDENTIFIABLE INFORMATION], ,Highway / Freeway,Dry,No Unusual Conditions,75.0, ,Dark - Not Lighted, , ,Y, , , , , ,,"Other, see Narrative",No Injuries Reported,Yes,Proceeding Straight,No,No,Y, , , , , , , , , , ,Changing Lanes,No,No,Yes,51.0, , , , , , , , , ,Y, , , ,Y,Y, ,Y,Y, , ,Yes,Arizona Department of Public Safety, ,Yes,[MAY CONTAIN PERSONALLY IDENTIFIABLE INFORMATION], ,,Y,,Y,Yes, ,"On December [XXX], 2022 at 5:18 AM PST a Waymo Autonomous Vehicle (Waymo AV) Peterbilt Class 8 semi-truck and trailer operating in Sacaton, Arizona was in a collision involving a Class 8 semi-truck and flat-bed trailer on [XXX], near mile marker [XXX]. 
The Waymo AV was traveling straight in autonomous mode in the leftmost lane, when the test driver took manual control and attempted a right lane change. As the test driver prepared to make the lane change, there was a Class 8 semi-truck and flat-bed trailer passing in the adjacent right lane. As the Waymo AV test driver initiated the lane change, the Waymo AV made contact with the rear corner of the flat-bed trailer. At the time of the impact, the Waymo AVs Level 4 ADS was not engaged and a test driver was operating the Waymo AV in manual mode. The Waymo AV sustained damage.
Waymo is reporting this crash under Request No. 2 of Standing General Order 2021-01. Waymo may supplement or correct its reporting with additional information as it may become available.", ,,,,,,,prior_june16,True,True,False,False,False,False,False,False,True,False,True,False
30270-4768,2,Waymo LLC,10-Day Update,,,JAN-2023,SADHW2S10M1, ,,Jaguar,I-Pace, ,2021.0, ,6f605e952015487,29338.0, ,,5th Generation ADS, , ,, , ,, , ,, , ,,, , ,,,Yes,ADS,Waymo LLC, , ,Y, , , , , ,,JAN-2023, ,JAN-2023,13:38, ,d9f1dce22a59e61,[MAY CONTAIN PERSONALLY IDENTIFIABLE INFORMATION], ,[MAY CONTAIN PERSONALLY IDENTIFIABLE INFORMATION], ,[MAY CONTAIN PERSONALLY IDENTIFIABLE INFORMATION], ,Phoenix, ,AZ ,[MAY CONTAIN PERSONALLY IDENTIFIABLE INFORMATION], ,Intersection,Dry,No Unusual Conditions,35.0, ,Daylight,Y, , , , , , , ,,Motorcycle,No Injuries Reported,Yes,"Other, see Narrative",Not Applicable,Unknown, , , , , , , , , , ,Y,Proceeding Straight,No,No,Yes,8.0, , , , , , , , , ,Y, , , , ,Y, ,Y,Y, , ,No,, ,Yes,, ,, ,, ,Yes, ,"Other than updating the Law Enforcement Investigating? field, the content of this report is unchanged from the initial report submitted on January 25, 2023 [REDACTED, MAY CONTAIN CONFIDENTIAL BUSINESS INFORMATION]. 
On January [XXX], 2023 at 1:38 PM PST a Waymo Autonomous Vehicle (Waymo AV) operating in Phoenix, Arizona was in a collision with a minibike whose rider was no longer on it on [XXX] at [XXX].
The Waymo AV was traveling in the leftmost lane on eastbound [XXX], with a group of smaller motorcycles, more commonly known as minibikes, traveling in the right adjacent lane next to and ahead of the Waymo AV. A minibike rider in the group lost control and fell off the minibike a short distance ahead of the Waymo AV in the adjacent lane and the minibike, without a rider, tumbled into the Waymo AV's lane. The Waymo AV applied maximum brake force but made contact with the riderless minibike just before coming to a stop. At the time of the impact, the Waymo AVs Level 4 ADS was engaged in autonomous mode. The Waymo AV sustained damage. The minibike was damaged but it is not possible to determine whether all or some of that damage occurred when the minibike fell to the road before the collision. Because we checked on the minibike riders well-being shortly after the crash, Waymo is aware that the individual sustained minor injuries when they fell from the minibike but the subsequent collision with the riderless minibike did not cause those injuries.
Although we do not believe this event falls under Request No. 1 of Standing General Order 2021-01, we consulted NHTSA and submitted this report at the agencys request on the day of the consultation. Waymo may supplement or correct its reporting with additional information as it may become available.", ,False,85008,PHOENIX,Motorcycle,False,True,prior_june16,True,True,False,True,False,False,True,False,True,True,True,False
30270-4880,1,Waymo LLC,Monthly,1.0,2023.0,FEB-2023,SADHW2S1XM1, ,,Jaguar,I-Pace, ,2021.0, ,f5166bf634e8c45,26717.0, ,,5th Generation ADS, , ,, , ,, , ,, , ,,, , ,,,Yes,ADS,Waymo LLC, , ,Y, , , , , ,,JAN-2023, ,JAN-2023,17:36, ,c945bf9a7866541,[MAY CONTAIN PERSONALLY IDENTIFIABLE INFORMATION], ,[MAY CONTAIN PERSONALLY IDENTIFIABLE INFORMATION], ,[MAY CONTAIN PERSONALLY IDENTIFIABLE INFORMATION], ,Phoenix, ,AZ ,[MAY CONTAIN PERSONALLY IDENTIFIABLE INFORMATION], ,Parking Lot,Dry,No Unusual Conditions,5.0, ,Dark - Lighted,Y, , , , , , , ,,First Responder Vehicle,No Injuries Reported,Yes,Backing,No,No, , , , , , , ,Y, , , ,Stopped,No,No,No Passengers in Vehicle,0.0, ,Y, , , , , , , , , , , , ,Y, ,Y,Y, , ,No,, ,No,, ,, ,, ,Yes, ,"On January [XXX], 2023 at 5:36 PM PST a Waymo Autonomous Vehicle (Waymo AV) operating in Phoenix, Arizona was in a collision involving a tow truck in a parking lot near [XXX] and [XXX].
While the Waymo AV stopped in a parking lot in autonomous mode, a tow truck approached from behind the Waymo and attempted to complete a multi-point turn. While performing a multi-point turn, the tow truck reversed into the rear left sensor of the Waymo AV. At the time of the impact, the Waymo AVs Level 4 ADS was engaged in autonomous mode. The Waymo sustained damage.
Waymo is reporting this crash under Request No. 2 of Standing General Order 2021-01. Waymo may supplement or correct its reporting with additional information as it may become available.", ,True,85004,PHOENIX,V2V Backing,False,False,prior_june16,False,False,False,False,False,False,False,False,False,False,False,True
30270-4882,1,Waymo LLC,Monthly,1.0,2023.0,FEB-2023,2C4RC1K74HR, ,,Chrysler,Pacifica, ,2017.0, ,27c58a6d27dde97,64430.0, ,,4th Generation ADS, , ,, , ,, , ,, , ,,, , ,,,Yes,ADS,Waymo LLC, , ,Y, , , , , ,,JAN-2023, ,JAN-2023,13:53, ,34eb0b5b2852fc9,[MAY CONTAIN PERSONALLY IDENTIFIABLE INFORMATION], ,[MAY CONTAIN PERSONALLY IDENTIFIABLE INFORMATION], ,[MAY CONTAIN PERSONALLY IDENTIFIABLE INFORMATION], ,Chandler, ,AZ ,[MAY CONTAIN PERSONALLY IDENTIFIABLE INFORMATION], ,Intersection,Dry,No Unusual Conditions,25.0, ,Daylight,Y, , , , , , , ,,Pickup Truck,No Injuries Reported,Yes,Proceeding Straight,No,No, , , , , , , , ,Y, , ,Making Right Turn,No,No,No Passengers in Vehicle,0.0, ,Y, , , , , , , , , , , , ,Y, ,Y,Y, , ,No,, ,Yes,, ,, ,, ,Yes, ,"On January [XXX], 2023 at 1:53 PM PST a Waymo Autonomous Vehicle (Waymo AV) operating in Chandler, Arizona was in a collision involving a pickup truck on [XXX] and [XXX].
While attempting a right turn from [XXX] onto [XXX], the Waymo AV was stopped at a stop sign while yielding to traffic approaching from the left. A truck that had previously been stopped behind the Waymo AV proceeded forward and made contact with the rear of the Waymo AV. At the time of the impact, the Waymo AVs Level 4 ADS was engaged in autonomous mode. The Waymo AV sustained damage.
Waymo is reporting this crash under Request No. 2 of Standing General Order 2021-01. Waymo may supplement or correct its reporting with additional information as it may become available.", ,False,85224,PHOENIX,V2V F2R,False,False,prior_june16,False,True,False,False,False,False,False,False,False,True,True,False
30270-4906,2,Waymo LLC,10-Day Update,,,FEB-2023,SADHW2S16M1, ,,Jaguar,I-Pace, ,2021.0, ,539ccc1f53d0028,47034.0, ,In-Vehicle (Commercial / Test),5th Generation ADS, , ,, , ,, , ,, , ,,, , ,,,Yes,ADS,Waymo LLC, , ,Y, , , , , ,,FEB-2023, ,FEB-2023,13:08, ,5ab71fb3ca70aad,[MAY CONTAIN PERSONALLY IDENTIFIABLE INFORMATION], ,[MAY CONTAIN PERSONALLY IDENTIFIABLE INFORMATION], ,[MAY CONTAIN PERSONALLY IDENTIFIABLE INFORMATION], ,Tempe, ,AZ ,[MAY CONTAIN PERSONALLY IDENTIFIABLE INFORMATION], ,Highway / Freeway,Dry,No Unusual Conditions,65.0, ,Daylight,Y, , , , , , , ,,Passenger Car,No Injuries Reported,Yes,Proceeding Straight,No,No, , ,Y, , ,Y, , ,Y, , ,Proceeding Straight,No,Yes,Yes,13.0, ,Y, , ,Y, , ,Y, , , , , , ,Y, ,Y,Y, , ,Unknown,,Y,Yes,,Y,,Y,,Y,Yes, ,"Other than removing the time zone from the narrative below and correcting the total number of lanes on the highway, the content of this report is unchanged from the initial report submitted on February 19, 2023 [REDACTED, MAY CONTAIN CONFIDENTIAL BUSINESS INFORMATION]. 
On February [XXX], 2023 at 1:08 PM PST a Waymo Autonomous Vehicle (Waymo AV) operating in Tempe, AZ was in a collision involving a Passenger Car on [XXX] near [XXX] ([XXX]).
The Waymo AV was traveling in the second lane from the right (lane 5 out of 6 lanes) in the eastbound direction of [XXX] when it started to decelerate in response to slow traffic ahead in the AVs lane. A passenger vehicle approached the Waymo AV from behind and made contact with the rear of the Waymo AV. At the time of the impact, the Waymo AVs Level 4 ADS was not engaged and a test driver was operating the Waymo AV in manual mode. The Waymo AV sustained damage. The other vehicle left the scene without exchanging information.
Waymo is reporting this crash under Request No. 1 of Standing General Order 2021-01 because a vehicle involved was towed away. Waymo may supplement or correct its reporting with additional information as it may become available.", ,,,,,,,prior_june16,True,True,False,False,False,True,True,False,False,False,True,False
30270-5082,1,Waymo LLC,Monthly,2.0,2023.0,MAR-2023,SADHW2S15M1, ,,Jaguar,I-Pace, ,2021.0, ,4dd9f0bc3236236,50282.0, ,In-Vehicle (Commercial / Test),5th Generation ADS, , ,, , ,, , ,, , ,,, , ,,,Yes,ADS,Waymo LLC, , ,Y, , , , , ,,FEB-2023, ,FEB-2023,17:27, ,7c0c1b1cf93259f,[MAY CONTAIN PERSONALLY IDENTIFIABLE INFORMATION], ,[MAY CONTAIN PERSONALLY IDENTIFIABLE INFORMATION], ,[MAY CONTAIN PERSONALLY IDENTIFIABLE INFORMATION], ,Tempe, ,AZ ,[MAY CONTAIN PERSONALLY IDENTIFIABLE INFORMATION], ,Street,Dry,No Unusual Conditions,45.0, ,Daylight,Y, , , , , , , ,,SUV,No Injuries Reported,No,Changing Lanes,No,No, , , , , , , , ,Y, , ,Proceeding Straight,No,No,Yes,40.0, ,Y, , , , , , , , , , , , ,Y, ,Y,Y, , ,No,, ,Yes,, ,, ,, ,Yes, ,"On February [XXX], 2023 at 5:27 PM PST a Waymo Autonomous Vehicle (""Waymo AV"") operating in Tempe, Arizona was in a collision involving a SUV on [XXX]  at [XXX].
The Waymo AV was traveling North on [XXX] in the rightmost lane. As the Waymo AV approached the intersection of [XXX], traffic in the two lanes to the left of the Waymo AV was backed up and moving slowly or stopped. A SUV attempted to merge from the leftmost lane across a gap in traffic in the center lane and into the rightmost lane. While attempting to enter the Waymo AV's lane, the front right of the SUV made contact with the rear left of the Waymo AV. At the time of the impact, the Waymo AV's Level 4 ADS was engaged in autonomous mode, and a test driver was present (in the driver's seating position). Both vehicles sustained damage.
Waymo is reporting this crash under Request No. 2 of Standing General Order 2021-01. Waymo may supplement or correct its reporting with additional information as it may become available.", ,,,,,,,prior_june16,False,False,False,False,False,False,False,False,False,False,True,False
30270-5319,1,Waymo LLC,Monthly,3.0,2023.0,APR-2023,SADHW2S16M1, ,,Jaguar,I-Pace, ,2021.0, ,dd9c07aaa0d58c4,38196.0, ,,5th Generation ADS, , ,, , ,, , ,, , ,,, , ,,,Yes,ADS,Waymo LLC, , ,Y, , , , , ,,MAR-2023, ,MAR-2023,12:03, ,2b877b899692cdd,[MAY CONTAIN PERSONALLY IDENTIFIABLE INFORMATION], ,[MAY CONTAIN PERSONALLY IDENTIFIABLE INFORMATION], ,[MAY CONTAIN PERSONALLY IDENTIFIABLE INFORMATION], ,Phoenix, ,AZ ,[MAY CONTAIN PERSONALLY IDENTIFIABLE INFORMATION], ,Street,Dry,No Unusual Conditions,25.0, ,Daylight,Y, , , , , , , ,,Heavy Truck,No Injuries Reported,Yes,Backing,No,No, , , , , , ,Y, , , , ,Stopped,No,No,No Passengers in Vehicle,0.0, , , ,Y, , , , , , , , , , ,Y, ,Y,Y, , ,No,, ,Yes,, ,, ,, ,Yes, ,"On March [XXX], 2023 at 12:03 PM PST a Waymo Autonomous Vehicle (Waymo AV) operating in Phoenix, Arizona was in a collision involving a heavy truck on [XXX] between [XXX] and [XXX].
The Waymo AV was traveling southbound on [XXX] when it approached a heavy truck and trailer that was positioning to reverse perpendicularly across [XXX] to back into an adjacent driveway. The Waymo AV stopped and the truck and trailer began reversing across [XXX]. The rear passengers side corner of the truck then made contact with the front drivers side corner of the stationary Waymo AV. At the time of the impact, the Waymo AVs Level 4 ADS was engaged in autonomous mode. The Waymo AV sustained damage.
Waymo is reporting this crash under Request No. 2 of Standing General Order 2021-01. Waymo may supplement or correct its reporting with additional information as it may become available.", ,True,85003,PHOENIX,V2V Backing,False,False,prior_june16,False,False,False,False,False,False,False,False,False,False,False,True
30270-5324,1,Waymo LLC,Monthly,3.0,2023.0,APR-2023,SADHW2S12M1, ,,Jaguar,I-Pace, ,2021.0, ,11bc4fb24b37091,44094.0, ,In-Vehicle (Commercial / Test),5th Generation ADS, , ,, , ,, , ,, , ,,, , ,,,Yes,ADS,Waymo LLC, , ,Y, , , , , ,,MAR-2023, ,MAR-2023,19:00, ,2d4a3a2b53be493,[MAY CONTAIN PERSONALLY IDENTIFIABLE INFORMATION], ,[MAY CONTAIN PERSONALLY IDENTIFIABLE INFORMATION], ,[MAY CONTAIN PERSONALLY IDENTIFIABLE INFORMATION], ,Tempe, ,AZ ,[MAY CONTAIN PERSONALLY IDENTIFIABLE INFORMATION], ,Street,Dry,No Unusual Conditions,40.0, ,Dark - Lighted,Y, , , , , , , ,,Passenger Car,Minor,Unknown,Proceeding Straight,No,No, , ,Y, , ,Y, , ,Y, , ,Proceeding Straight,No,No,Yes,1.0, ,Y, , ,Y, , ,Y, , , , , , ,Y, ,Y,Y, , ,Yes,Tempe Police Department, ,Yes,[MAY CONTAIN PERSONALLY IDENTIFIABLE INFORMATION], ,[MAY CONTAIN PERSONALLY IDENTIFIABLE INFORMATION], ,[MAY CONTAIN PERSONALLY IDENTIFIABLE INFORMATION], ,Yes, ,"On March [XXX], 2023 at 7:00 PM PST a Waymo Autonomous Vehicle (Waymo AV) operating in Tempe, Arizona was in a collision involving a passenger vehicle on [XXX] near [XXX].
The Waymo AV was traveling southbound on [XXX] behind traffic that was backed up from the intersection with [XXX]. As the Waymo AV was accelerating from a stop, a passenger vehicle approached the Waymo AV from behind and made contact with the rear of the Waymo AV. At the time of the impact, the Waymo AVs Level 4 ADS was engaged in autonomous mode, and a test driver was present (in the drivers seating position). The Waymo AV test driver reported having a minor injury and the passenger vehicle left the scene.
Waymo is reporting this crash under Request No. 2 of Standing General Order 2021-01. Waymo may supplement or correct its reporting with additional information as it may become available.", ,,,,,,,prior_june16,True,True,True,False,False,False,True,False,False,False,True,False