Report ID,Report Version,Reporting Entity,Report Type,Report Month,Report Year,Report Submission Date,VIN,VIN - Unknown,Serial Number,Make,Model,Model - Unknown,Model Year,Model Year - Unknown,Same Vehicle ID,Mileage,Mileage - Unknown,Driver / Operator Type,ADAS/ADS System Version,ADAS/ADS System Version - Unk,ADAS/ADS System Version CBI,ADAS/ADS Hardware Version,ADAS/ADS Hardware Version - Unk,ADAS/ADS Hardware Version CBI,ADAS/ADS Software Version,ADAS/ADS Software Version - Unk,ADAS/ADS Software Version CBI,Other Reporting Entities?,Other Reporting Entities? - Unk,Other Reporting Entities? - NA,Federal Regulatory Exemption?,Other Federal Reg. Exemption,Federal Reg. Exemption - Unk,Federal Reg. Exemption - No,State or Local Permit?,State or Local Permit,ADS Equipped?,Automation System Engaged?,Operating Entity,Operating Entity - Unknown,Source - Complaint/Claim,Source - Telematics,Source - Law Enforcement,Source - Field Report,Source - Testing,Source - Media,Source - Other,Source - Other Text,Incident Date,Incident Date - Unknown,Notice Received Date,Incident Time (24:00),Incident Time - Unknown,Same Incident ID,Latitude,Latitude - Unknown,Longitude,Longitude - Unknown,Address,Address - Unknown,City,City - Unknown,State,Zip Code,Zip Code - Unknown,Roadway Type,Roadway Surface,Roadway Description,Posted Speed Limit (MPH),Posted Speed Limit - Unknown,Lighting,Weather - Clear,Weather - Snow,Weather - Cloudy,Weather - Fog/Smoke,Weather - Rain,Weather - Severe Wind,Weather - Unknown,Weather - Other,Weather - Other Text,Crash With,Highest Injury Severity Alleged,Property Damage?,CP Pre-Crash Movement,CP Any Air Bags Deployed?,CP Was Vehicle Towed?,CP Contact Area - Rear Left,CP Contact Area - Left,CP Contact Area - Front Left,CP Contact Area - Rear,CP Contact Area - Top,CP Contact Area - Front,CP Contact Area - Rear Right,CP Contact Area - Right,CP Contact Area - Front Right,CP Contact Area - Bottom,CP Contact Area - Unknown,SV Pre-Crash Movement,SV Any Air Bags Deployed?,SV Was Vehicle Towed?,SV Were All Passengers Belted?,SV Precrash Speed (MPH),SV Pre-crash Speed - Unknown,SV Contact Area - Rear Left,SV Contact Area - Left,SV Contact Area - Front Left,SV Contact Area - Rear,SV Contact Area - Top,SV Contact Area - Front,SV Contact Area - Rear Right,SV Contact Area - Right,SV Contact Area - Front Right,SV Contact Area - Bottom,SV Contact Area - Unknown,Data Availability - EDR,Data Availability - Police Rpt,Data Availability - Telematics,Data Availability - Complaints,Data Availability - Video,Data Availability - Other,Data Availability - No Data,Data Availability - Unknown,Law Enforcement Investigating?,Investigating Agency,Investigating Agency - Unknown,Rep Ent Or Mfr Investigating?,Investigating Officer Name,Inv. Officer Name - Unknown,Investigating Officer Phone,Inv. Officer Phone - Unknown,Investigating Officer Email,Inv. Officer Email - Unknown,Within ODD?,Within ODD? - CBI,Narrative,Narrative - CBI?,hub_delta_v_less_than_1mph,hub_zip_code,hub_location,hub_crash_type,hub_is_police_reported,hub_is_any_injury_reported,data_period,reportable_v2,reportable_v3,filter_has_injury,filter_is_vru,filter_has_airbag,filter_has_tow,filter_is_5day_trigger,filter_is_single_vehicle,filter_waymo_struck_another,filter_deltav_over_1mph,filter_waymo_was_moving,filter_waymo_was_stationary
30270-5326,1,Waymo LLC,Monthly,3.0,2023.0,APR-2023,SADHW2S10M1, ,,Jaguar,I-Pace, ,2021.0, ,4d3dc5f194fb109,61708.0, ,In-Vehicle (Commercial / Test),5th Generation ADS, , ,, , ,, , ,, , ,,, , ,,,Yes,ADS,Waymo LLC, , ,Y, , , , , ,,MAR-2023, ,MAR-2023,13:35, ,91bc2053ec7b4b5,[MAY CONTAIN PERSONALLY IDENTIFIABLE INFORMATION], ,[MAY CONTAIN PERSONALLY IDENTIFIABLE INFORMATION], ,[MAY CONTAIN PERSONALLY IDENTIFIABLE INFORMATION], ,Tempe, ,AZ ,[MAY CONTAIN PERSONALLY IDENTIFIABLE INFORMATION], ,Intersection,Dry,No Unusual Conditions,35.0, ,Daylight,Y, , , , , , , ,,Passenger Car,No Injuries Reported,Yes,Making Right Turn,No,No, , , , , , , , ,Y, , ,Making Right Turn,No,No,Yes,2.0, , , , ,Y, , , , , , , , , ,Y, ,Y,Y, , ,No,, ,Yes,, ,, ,, ,Yes, ,"On March [XXX], 2023 at 1:35 PM PST a Waymo Autonomous Vehicle (Waymo AV) operating in Tempe, Arizona was in a collision involving a passenger car on [XXX] and [XXX].
While attempting a right turn in autonomous mode from westbound [XXX] onto northbound [XXX], the Waymo AV was yielding to traffic approaching from the left. As the Waymo AV attempted to proceed, the test driver transitioned to manual mode and brought the Waymo AV to a stop. A passenger car behind the Waymo AV proceeded forward and made contact with the rear of the Waymo AV. At the time of the impact, the Waymo AVs Level 4 ADS was not engaged and a test driver was operating the Waymo AV in manual mode. The Waymo AV and the passenger vehicle sustained damage.
Waymo is reporting this crash under Request No. 2 of Standing General Order 2021-01. Waymo may supplement or correct its reporting with additional information as it may become available.", ,,,,,,,prior_june16,False,False,False,False,False,False,False,False,False,False,True,False
30270-5588,1,Waymo LLC,Monthly,4.0,2023.0,MAY-2023,2C4RC1K7XHR, ,,Chrysler,Pacifica, ,2017.0, ,4173e3f94e6d2cd,24311.0, ,,4th Generation ADS, , ,4th Generation, , ,Version 5, , ,, ,Y,,, ,Y,Yes (specify below),ADOT,Yes,ADS,Waymo LLC, , ,Y, , , , , ,,APR-2023, ,APR-2023,15:43, ,9d6541528d1b103,[MAY CONTAIN PERSONALLY IDENTIFIABLE INFORMATION], ,[MAY CONTAIN PERSONALLY IDENTIFIABLE INFORMATION], ,[MAY CONTAIN PERSONALLY IDENTIFIABLE INFORMATION], ,Tempe, ,AZ ,[MAY CONTAIN PERSONALLY IDENTIFIABLE INFORMATION], ,Intersection,Dry,No Unusual Conditions,45.0, ,Daylight,Y, , , , , , , ,,Passenger Car,No Injuries Reported,Yes,Entering Traffic,No,No, , ,Y, , ,Y, , , , , ,Proceeding Straight,No,No,Yes,5.0, , , , , , , , , ,Y, , , , ,Y, ,Y,Y, , ,Unknown,,Y,Yes,,Y,,Y,,Y,Yes, ,"On April [XXX], 2023 at 3:43 PM PT a Waymo Autonomous Vehicle (Waymo AV) operating in Tempe, Arizona was in a collision involving a passenger car on [XXX] at [XXX]. 
The Waymo AV was traveling southbound on [XXX] in the rightmost lane as it was approaching the intersection with [XXX]. After the Waymo AV entered the right-turn lane, a passenger car began to exit from the shopping center driveway to the right of the Waymo AV. The Waymo AV began to brake as the passenger car began to turn in front of the AV onto [XXX]. The passenger car's front bumper made contact with the front right corner of the Waymo AV. At the time of the impact, the Waymo AVs Level 4 ADS was engaged in autonomous mode. The Waymo AV did not sustain damage the passenger car sustained damage. 
Waymo is reporting this crash under Request No. 2 of Standing General Order 2021-01. Waymo may supplement or correct its reporting with additional information as it may become available.", ,True,85284,PHOENIX,V2V Intersection,False,False,prior_june16,True,True,False,False,False,False,False,False,True,False,True,False
30270-5591,1,Waymo LLC,Monthly,4.0,2023.0,MAY-2023,SADHW2S10M1, ,,Jaguar,I-PACE, ,2021.0, ,751464043310771,48606.0, ,,5th Generation ADS, , ,5th Generation, , ,Version 7, , ,, ,Y,,, ,Y,Yes (specify below),ADOT,Yes,ADS,Waymo LLC, , ,Y, , , , , ,,APR-2023, ,APR-2023,8:02, ,182efd0e7948c2d,[MAY CONTAIN PERSONALLY IDENTIFIABLE INFORMATION], ,[MAY CONTAIN PERSONALLY IDENTIFIABLE INFORMATION], ,[MAY CONTAIN PERSONALLY IDENTIFIABLE INFORMATION], ,Phoenix, ,AZ ,[MAY CONTAIN PERSONALLY IDENTIFIABLE INFORMATION], ,Intersection,Dry,No Unusual Conditions,35.0, ,Daylight,Y, , , , , , , ,,Van,No Injuries Reported,Yes,Proceeding Straight,No,No, , ,Y, , ,Y, , , , , ,Proceeding Straight,No,No,Yes,1.0, , , , ,Y, , , , , , , , , ,Y, ,Y,Y, , ,Unknown,,Y,Yes,,Y,,Y,,Y,Yes, ,"On April [XXX], 2023 at 8:02 AM PT a Waymo Autonomous Vehicle (Waymo AV) operating in Phoenix, Arizona was in a collision involving a van on [XXX] at [XXX]. 
The Waymo AV was traveling northbound on [XXX] in the leftmost lane as it was approaching the intersection with [XXX]. The signal for traffic proceeding north on [XXX] was yellow as the Waymo AV approached the intersection. The Waymo AV slowed, preparing to stop, and a van traveling directly behind the Waymo AV then made contact with the rear of the Waymo AV. At the time of the impact, the Waymo AVs Level 4 ADS was engaged in autonomous mode. Both the Waymo AV and the van sustained damage.  
Waymo is reporting this crash under Request No. 2 of Standing General Order 2021-01. Waymo may supplement or correct its reporting with additional information as it may become available.", ,False,85004,PHOENIX,V2V F2R,False,False,prior_june16,False,True,False,False,False,False,False,False,False,True,True,False
30270-5611,1,Waymo LLC,5-Day,,,MAY-2023,SADHW2S18M1, ,,Jaguar,I-Pace, ,2021.0, ,3fa13431ff0349d,78122.0, ,,5th Generation, , ,5th Generation, , ,Version 8, , ,, ,Y,,, ,Y,Yes (specify below),ADOT,Yes,ADS,Waymo LLC, , , , , , , ,Y,Passenger at pick-up point,MAY-2023, ,MAY-2023,17:54, ,374f676fee2c3db,[MAY CONTAIN PERSONALLY IDENTIFIABLE INFORMATION], ,[MAY CONTAIN PERSONALLY IDENTIFIABLE INFORMATION], ,[MAY CONTAIN PERSONALLY IDENTIFIABLE INFORMATION], ,Phoenix, ,AZ ,[MAY CONTAIN PERSONALLY IDENTIFIABLE INFORMATION], ,Parking Lot,Dry,"Other, see Narrative",15.0, ,Daylight,Y, , , , , , , ,,"Other, see Narrative",No Injuries Reported,Yes,"Other, see Narrative",Not Applicable,Not Applicable, , , , , , , , , , ,Y,Proceeding Straight,No,Yes,No Passengers in Vehicle,10.0, , , , , , , , , , ,Y, , , ,Y, ,Y,Y, , ,No,, ,Yes,, ,, ,, ,Yes, ,"On May [XXX], 2023 at 5:54 PM PT a Waymo Autonomous Vehicle (Waymo AV) operating in Phoenix, Arizona made contact with an asphalt speed bump in a parking lot at [XXX].
The Waymo AV entered the parking lot and the Waymo AVs undercarriage then made contact with a speed bump (the AV did not contact any vehicle or other road user). At the time of the contact, the Waymo AVs Level 4 ADS was engaged in autonomous mode. The Waymo AV sustained undercarriage damage.
Waymo is reporting this crash under Request No. 1 of the Second Amended Standing General Order 2021-01 because a vehicle involved was towed away. Waymo may supplement or correct its reporting with additional information as it may become available.", ,True,85006,PHOENIX,Single Vehicle,False,False,prior_june16,True,True,False,False,False,True,True,False,False,False,True,False
30270-5612,1,Waymo LLC,5-Day,,,MAY-2023,SADHW2S15M1, ,,Jaguar,I-Pace, ,2021.0, ,900c3ace8a371fa,43564.0, ,,5th Generation, , ,5th Generation, , ,Version 8, , ,, ,Y,,, ,Y,Yes (specify below),ADOT,Yes,ADS,Waymo LLC, , , , , , , ,Y,Waymo vendor,MAY-2023, ,MAY-2023,17:34, ,affa9f367578445,[MAY CONTAIN PERSONALLY IDENTIFIABLE INFORMATION], ,[MAY CONTAIN PERSONALLY IDENTIFIABLE INFORMATION], ,[MAY CONTAIN PERSONALLY IDENTIFIABLE INFORMATION], ,Phoenix, ,AZ ,[MAY CONTAIN PERSONALLY IDENTIFIABLE INFORMATION], ,Parking Lot,Dry,"Other, see Narrative",15.0, ,Daylight,Y, , , , , , , ,,"Other, see Narrative",No Injuries Reported,Yes,"Other, see Narrative",Not Applicable,Not Applicable, , , , , , , , , , ,Y,Proceeding Straight,No,Yes,Yes,8.0, , , , , , , , , , ,Y, , , ,Y, ,Y,Y, , ,No,, ,Yes,, ,, ,, ,Yes, ,"On May [XXX], 2023 at 5:34 PM PT a Waymo Autonomous Vehicle (Waymo AV) operating in Phoenix, Arizona made contact with an asphalt speed bump in a parking lot at [XXX].
The Waymo AV entered the parking lot and the Waymo AVs undercarriage then made contact with a speed bump (the AV did not contact any vehicle or other road user). At the time of the contact, the Waymo AVs Level 4 ADS was engaged in autonomous mode. The Waymo AV sustained undercarriage damage.
Waymo is reporting this crash under Request No. 1 of the Second Amended Standing General Order 2021-01 because a vehicle involved was towed away. Waymo may supplement or correct its reporting with additional information as it may become available.", ,True,85006,PHOENIX,Single Vehicle,False,False,prior_june16,True,True,False,False,False,True,True,False,False,False,True,False
30270-5650,2,Waymo LLC,10-Day Update,,,JUN-2023,SADHW2S17M1, ,,Jaguar,I-PACE, ,2021.0, ,365203c6f0f00aa,85743.0, ,In-Vehicle (Commercial / Test),5th Generation, , ,5th Generation, , ,Version 8, , ,Transdev Alternative Services, , ,,, ,Y,Yes (specify below),ADOT,Yes,ADS,Waymo LLC, , ,Y, , , , , ,,JUN-2023, ,JUN-2023,13:17, ,6362e91ed386c55,[MAY CONTAIN PERSONALLY IDENTIFIABLE INFORMATION], ,[MAY CONTAIN PERSONALLY IDENTIFIABLE INFORMATION], ,[MAY CONTAIN PERSONALLY IDENTIFIABLE INFORMATION], ,Phoenix, ,AZ ,[MAY CONTAIN PERSONALLY IDENTIFIABLE INFORMATION], ,Highway / Freeway,Dry,Work Zone,65.0, ,Daylight,Y, , , , , , , ,,Passenger Car,Moderate,Yes,Proceeding Straight,No,Unknown, , ,Y, , ,Y, , ,Y, , ,Proceeding Straight,No,Yes,Yes,13.0, ,Y, , ,Y, , ,Y, , , , , , ,Y, ,Y,Y, , ,No,, ,Yes,, ,, ,, ,Yes, ,"After submitting the previous 1-Day report on [XXX], 2023 [REDACTED, MAY CONTAIN CONFIDENTIAL BUSINESS INFORMATION], Waymo received notice that the test driver was not transported from the scene to the hospital for medical treatment, but did seek medical treatment at a hospital at a later time. As such, this event could have qualified for a 5-Day report. The narrative below has been updated to reflect this information. This updated report also now lists the Highest Injury Severity Alleged as moderate, and Transdev Alternative Services as an entity that may be aware of this incident.
On [XXX], 2023 at 1:17 PM PT a Waymo Autonomous Vehicle (Waymo AV) operating in Phoenix, AZ was in a collision involving a passenger car on [XXX] in the southbound direction near the [XXX].
The Waymo AV was traveling in the rightmost lane (out of 5 lanes) in the southbound direction of [XXX],  and the left 3 lanes were closed due to a work zone. The vehicle traveling ahead in the same lane as the ADV made an abrupt lane change to the left, revealing a stack of slow-moving vehicles in the Waymo AVs lane. The test driver of the Waymo AV took manual control of the vehicle and started to decelerate and steer toward the right shoulder in response to slow traffic ahead. A passenger vehicle approached the Waymo AV from behind and made contact with the rear of the Waymo AV. At the time of the impact, the Waymo AVs Level 4 ADS was not engaged and a test driver (in the drivers seating position) was operating the Waymo AV in manual mode. The Waymo AV and the other vehicle sustained damage. The test driver reported an injury, for which they later sought medical treatment. 
Waymo reported this crash under Request No. 1 of Standing General Order 2021-01. Waymo may supplement or correct its reporting with additional information as it may become available.", ,,,,,,,prior_june16,True,True,True,False,False,True,True,False,False,False,True,False
30270-5756,1,Waymo LLC,Monthly,5.0,2023.0,JUN-2023,SADHW2S17M1, ,,Jaguar,I-Pace, ,2021.0, ,fcd7d30508e9fce,34261.0, ,,5th Generation ADS, , ,5th Generation, , ,Version 8, , ,, ,Y,,, ,Y,Yes (specify below),ADOT,Yes,ADS,Waymo LLC, , ,Y, , , , , ,,MAY-2023, ,MAY-2023,13:37, ,7734824b07cf454,[MAY CONTAIN PERSONALLY IDENTIFIABLE INFORMATION], ,[MAY CONTAIN PERSONALLY IDENTIFIABLE INFORMATION], ,[MAY CONTAIN PERSONALLY IDENTIFIABLE INFORMATION], ,Phoenix, ,AZ ,[MAY CONTAIN PERSONALLY IDENTIFIABLE INFORMATION], ,Street,Dry,No Unusual Conditions,35.0, ,Daylight,Y, , , , , , , ,,Passenger Car,No Injuries Reported,Yes,Lane / Road Departure,No,No,Y, , , , , , , , , , ,Proceeding Straight,No,No,No Passengers in Vehicle,32.0, , ,Y, , , , , , , , , , , ,Y, ,Y,Y, , ,No,, ,Yes,, ,, ,, ,Yes, ,"On [XXX], 2023 at 1:37 PM PT a Waymo Autonomous Vehicle (Waymo AV) operating in Phoenix, Arizona was in a collision involving a passenger vehicle on [XXX] at S [XXX]. 
While traveling eastbound on [XXX], a passenger vehicle in the oncoming lane veered out of their lane and into the eastbound lane. The vehicle made contact with the left rear door of the Waymo AV. At the time of the impact, the Waymo AVs Level 4 ADS was engaged in autonomous mode. The other party immediately left the scene without exchanging information. The Waymo AV sustained damage.
Waymo is reporting this crash under Request No. 2 of Standing General Order 2021-01. Waymo may supplement or correct its reporting with additional information as it may become available.", ,True,85040,PHOENIX,V2V Head-on,False,False,prior_june16,True,True,False,False,False,False,False,False,True,False,True,False
30270-5757,1,Waymo LLC,Monthly,5.0,2023.0,JUN-2023,SADHW2S15M1, ,,Jaguar,I-Pace, ,2021.0, ,a96a4dfc1ceef90,61480.0, ,In-Vehicle (Commercial / Test),5th Generation ADS, , ,5th Generation, , ,Version 8, , ,Transdev Alternative Services, , ,,, ,Y,Yes (specify below),ADOT,Yes,ADS,Waymo LLC, , ,Y, , , , , ,,MAY-2023, ,MAY-2023,21:29, ,18b6569f303f7e1,[MAY CONTAIN PERSONALLY IDENTIFIABLE INFORMATION], ,[MAY CONTAIN PERSONALLY IDENTIFIABLE INFORMATION], ,[MAY CONTAIN PERSONALLY IDENTIFIABLE INFORMATION], ,Mesa, ,AZ ,[MAY CONTAIN PERSONALLY IDENTIFIABLE INFORMATION], ,Highway / Freeway,Dry,Traffic Incident,65.0, ,Dark - Lighted,Y, , , , , , , ,,"Other, see Narrative",No Injuries Reported,Yes,"Other, see Narrative",Not Applicable,Not Applicable, , , , , , , , , , ,Y,Proceeding Straight,No,No,Yes,63.0, , , ,Y, , , , , , , , , , ,Y, ,Y,Y, , ,No,, ,Yes,, ,, ,, ,Yes, ,"On [XXX], 2023 at 9:29 PM PT a Waymo Autonomous Vehicle (Waymo AV) operating in Mesa, Arizona was in a collision involving an object on the [XXX], East of [XXX].
The Waymo AV was traveling eastbound in the far right lane on a three-lane stretch of the [XXX] when a load of hay bales fell off a truck traveling in the center lane ahead of the Waymo AV. The front left fender of the Waymo AV made contact with a hay bale. At the time of the impact, the Waymo AVs Level 4 ADS was engaged in autonomous mode, and a test driver was present (in the drivers seating position). The Waymo AV sustained damage.
Waymo is reporting this crash under Request No. 2 of Standing General Order 2021-01. Waymo may supplement or correct its reporting with additional information as it may become available.", ,,,,,,,prior_june16,True,True,False,False,False,False,False,False,True,False,True,False
30270-5759,1,Waymo LLC,Monthly,5.0,2023.0,JUN-2023,SADHW2S1XM1, ,,Jaguar,I-Pace, ,2021.0, ,2e422d7be58682f,69071.0, ,In-Vehicle (Commercial / Test),5th Generation ADS, , ,5th Generation, , ,Version 8, , ,Transdev Alternative Services, , ,,, ,Y,Yes (specify below),ADOT,Yes,ADS,Waymo LLC, , ,Y, , , , , ,,MAY-2023, ,MAY-2023,23:30, ,61aad41dac56bc1,[MAY CONTAIN PERSONALLY IDENTIFIABLE INFORMATION], ,[MAY CONTAIN PERSONALLY IDENTIFIABLE INFORMATION], ,[MAY CONTAIN PERSONALLY IDENTIFIABLE INFORMATION], ,Tempe, ,AZ ,[MAY CONTAIN PERSONALLY IDENTIFIABLE INFORMATION], ,Intersection,Dry,No Unusual Conditions,40.0, ,Dark - Lighted,Y, , , , , , , ,,Passenger Car,No Injuries Reported,Yes,Proceeding Straight,No,No, , , , , ,Y, , , , , ,Stopped,No,No,Yes,0.0, , , , ,Y, , , , , , , , , ,Y, ,Y,Y, , ,No,, ,Yes,, ,, ,, ,Yes, ,"On [XXX], 2023 at 11:30 PM PT a Waymo Autonomous Vehicle (Waymo AV) operating in Tempe, Arizona was in a collision involving a passenger vehicle on [XXX] at [XXX].
The Waymo AV was stopped at a red light at the intersection of [XXX] at [XXX]. A passenger vehicle that had been previously stopped behind the Waymo AV proceeded forward, making contact with the rear bumper of the Waymo AV. At the time of the impact, the Waymo AVs Level 4 ADS was engaged in autonomous mode, and a test driver was present (in the drivers seating position). The Waymo AV sustained damage.
Waymo is reporting this crash under Request No. 2 of Standing General Order 2021-01. Waymo may supplement or correct its reporting with additional information as it may become available.", ,,,,,,,prior_june16,False,False,False,False,False,False,False,False,False,False,False,True
30270-5760,1,Waymo LLC,Monthly,5.0,2023.0,JUN-2023,SADHW2S14M1, ,,Jaguar,I-Pace, ,2021.0, ,09f6e9bd642f040,55792.0, ,,5th Generation ADS, , ,5th Generation, , ,Version 8, , ,, ,Y,,, ,Y,Yes (specify below),ADOT,Yes,ADS,Waymo LLC, , ,Y, , , , , ,,MAY-2023, ,MAY-2023,09:42, ,bed9a1515830ae3,[MAY CONTAIN PERSONALLY IDENTIFIABLE INFORMATION], ,[MAY CONTAIN PERSONALLY IDENTIFIABLE INFORMATION], ,[MAY CONTAIN PERSONALLY IDENTIFIABLE INFORMATION], ,Phoenix, ,AZ ,[MAY CONTAIN PERSONALLY IDENTIFIABLE INFORMATION], ,Street,Dry,No Unusual Conditions,25.0, ,Daylight,Y, , , , , , , ,,Heavy Truck,No Injuries Reported,Yes,Entering Traffic,No,No, ,Y, , , , , , , , , ,Stopped,No,No,No Passengers in Vehicle,0.0, , , ,Y, , , , , , , , , , ,Y, ,Y,Y, , ,No,, ,Yes,, ,, ,, ,Yes, ,"On [XXX], 2023 at 09:42 AM PT a Waymo Autonomous Vehicle (Waymo AV) operating in Phoenix, Arizona was in a collision involving a heavy truck on [XXX], just west of [XXX].
The Waymo AV was traveling westbound on [XXX] when it came to a stop, yielding to a U-Haul box  truck that was attempting to reverse into a parking lot to the right of the Waymo AV. The truck exited the lot and re-entered the oncoming eastbound lane, making contact with the left front end of the Waymo AV. At the time of the impact, the Waymo AVs Level 4 ADS was engaged in autonomous mode. Both vehicles sustained damage.
Waymo is reporting this crash under Request No. 2 of Standing General Order 2021-01. Waymo may supplement or correct its reporting with additional information as it may become available.", ,True,85007,PHOENIX,V2V Head-on,False,False,prior_june16,False,False,False,False,False,False,False,False,False,False,False,True
30270-5813,1,Waymo LLC,5-Day,,,JUL-2023,SADHW2S14M1, ,,Jaguar,I-Pace, ,2021.0, ,4e6dc7156efb5a6,87101.0, ,In-Vehicle (Commercial / Test),5th Generation, , ,5th Generation, , ,Version 8, , ,Transdev Alternative Services, , ,,, ,Y,Yes (specify below),ADOT,Yes,ADS,Waymo LLC, , ,Y, , , , , ,,JUN-2023, ,JUN-2023,20:58, ,7014e194a75b369,[MAY CONTAIN PERSONALLY IDENTIFIABLE INFORMATION], ,[MAY CONTAIN PERSONALLY IDENTIFIABLE INFORMATION], ,[MAY CONTAIN PERSONALLY IDENTIFIABLE INFORMATION], ,Phoenix, ,AZ ,[MAY CONTAIN PERSONALLY IDENTIFIABLE INFORMATION], ,Street,Dry,No Unusual Conditions,35.0, ,Dark - Lighted,Y, , , , , , , ,,"Other, see Narrative",No Injuries Reported,Yes,"Other, see Narrative",Not Applicable,Not Applicable, , , , , , , , , , ,Y,Changing Lanes,No,Yes,Yes,35.0, , , , , , , ,Y, , , , , , ,Y, ,Y,Y, , ,No,, ,Yes,, ,, ,, ,Yes, ,"On June [XXX], 2023 at 8:58 PM PT a Waymo Autonomous Vehicle (Waymo AV) operating in Phoenix, Arizona impacted road debris on [XXX] near [XXX].
The Waymo AV was traveling southbound on [XXX] in the middle lane and preparing to make a right lane change. As it initiated the lane change, the rear passenger side tire struck small debris in the road. At the time of the impact, the Waymo AVs Level 4 ADS was engaged in autonomous mode, and a test driver was present (in the drivers seating position). The Waymo AVs tire immediately deflated.
Waymo is reporting this event under Request No. 1 of Standing General Order 2021-01 because a vehicle involved was towed away. Waymo may supplement or correct its reporting with additional information as it may become available.", ,,,,,,,prior_june16,True,True,False,False,False,True,True,False,False,False,True,False
30270-5896,1,Waymo LLC,5-Day,,,JUL-2023,SADHW2S13M1, ,,Jaguar,I-Pace, ,2021.0, ,674ecd091eec275,47784.0, ,,5th Generation, , ,5th Generation, , ,Version 8, , ,, ,Y,,, ,Y,Yes (specify below),ADOT,Yes,ADS,Waymo LLC, , ,Y, , , , , ,,JUL-2023, ,JUL-2023,18:13, ,7af239ffdf71359,[MAY CONTAIN PERSONALLY IDENTIFIABLE INFORMATION], ,[MAY CONTAIN PERSONALLY IDENTIFIABLE INFORMATION], ,[MAY CONTAIN PERSONALLY IDENTIFIABLE INFORMATION], ,Chandler, ,AZ ,[MAY CONTAIN PERSONALLY IDENTIFIABLE INFORMATION], ,Intersection,Dry,No Unusual Conditions,25.0, ,Daylight,Y, , , , , , , ,,Passenger Car,No Injuries Reported,Yes,Crossing into Opposing Lane,No,Yes, ,Y,Y, , ,Y, , , , , ,Stopped,No,No,No Passengers in Vehicle,0.0, , , ,Y, , ,Y, , ,Y, , , , ,Y, ,Y,Y, , ,Yes,Chandler Police Department, ,Yes,,Y,,Y,,Y,Yes, ,"On July [XXX], 2023 at 6:13 PM PT a Waymo Autonomous Vehicle (Waymo AV) operating in Chandler, Arizona was in a collision involving a passenger car on [XXX] at [XXX].
The Waymo AV was traveling northbound on [XXX] and just passed [XXX] when an oncoming passenger car crossed into the Waymo AVs lane, toward the Waymo AV. The Waymo AV then stopped as the passenger vehicle continued to approach. The passenger vehicle then made contact with the front of the Waymo AV, and then made contact with the side of the Waymo AV as it left the scene. At the time of the impact, the Waymo AVs Level 4 ADS was engaged in autonomous mode. Both vehicles sustained damage.
Waymo is reporting this crash under Request No. 1 of Standing General Order 2021-01 because a vehicle involved was towed away. Waymo may supplement or correct its reporting with additional information as it may become available.", ,False,85225,PHOENIX,V2V Head-on,True,False,prior_june16,True,True,False,False,False,True,True,False,False,True,False,True
30270-5962,1,Waymo LLC,Monthly,6.0,2023.0,JUL-2023,SADHW2S19M1, ,,Jaguar,I-Pace, ,2021.0, ,b7b40f70f5e3f4f,68928.0, ,In-Vehicle (Commercial / Test),5th Generation, , ,5th Generation, , ,Version 8, , ,Transdev Alternative Services, , ,,, ,Y,Yes (specify below),ADOT,Yes,ADS,Waymo LLC, , ,Y, , , , , ,,JUN-2023, ,JUN-2023,21:39, ,92adaa2cfbab458,[MAY CONTAIN PERSONALLY IDENTIFIABLE INFORMATION], ,[MAY CONTAIN PERSONALLY IDENTIFIABLE INFORMATION], ,[MAY CONTAIN PERSONALLY IDENTIFIABLE INFORMATION], ,Tempe, ,AZ ,[MAY CONTAIN PERSONALLY IDENTIFIABLE INFORMATION], ,Highway / Freeway,Dry,No Unusual Conditions,65.0, ,Dark - Not Lighted,Y, , , , , , , ,,"Other, see Narrative",No Injuries Reported,Yes,"Other, see Narrative",Not Applicable,Not Applicable, , , , , , , , , , ,Y,Proceeding Straight,No,No,Yes,56.0, , , , , , , , , ,Y, , , , ,Y, ,Y,Y, , ,No,, ,Yes,, ,, ,, ,Yes, ,"On June [XXX], 2023 at 9:39 PM PT a Waymo Autonomous Vehicle (Waymo AV) operating in Tempe, Arizona impacted road debris on [XXX] just past [XXX].
The Waymo AV was traveling eastbound on [XXX] in the far right lane when road debris appeared from under the passenger vehicle in front of the Waymo AV. The Waymo AV test driver transitioned to manual mode just before the Waymo AV made contact with the road debris. The Waymo AV sustained damage.
Waymo is reporting this crash under Request No. 2 of Standing General Order 2021-01. Waymo may supplement or correct its reporting with additional information as it may become available.", ,,,,,,,prior_june16,True,True,False,False,False,False,False,False,True,False,True,False