Report ID,Report Version,Reporting Entity,Report Type,Report Month,Report Year,Report Submission Date,VIN,VIN - Unknown,Serial Number,Make,Model,Model - Unknown,Model Year,Model Year - Unknown,Same Vehicle ID,Mileage,Mileage - Unknown,Driver / Operator Type,ADAS/ADS System Version,ADAS/ADS System Version - Unk,ADAS/ADS System Version CBI,ADAS/ADS Hardware Version,ADAS/ADS Hardware Version - Unk,ADAS/ADS Hardware Version CBI,ADAS/ADS Software Version,ADAS/ADS Software Version - Unk,ADAS/ADS Software Version CBI,Other Reporting Entities?,Other Reporting Entities? - Unk,Other Reporting Entities? - NA,Federal Regulatory Exemption?,Other Federal Reg. Exemption,Federal Reg. Exemption - Unk,Federal Reg. Exemption - No,State or Local Permit?,State or Local Permit,ADS Equipped?,Automation System Engaged?,Operating Entity,Operating Entity - Unknown,Source - Complaint/Claim,Source - Telematics,Source - Law Enforcement,Source - Field Report,Source - Testing,Source - Media,Source - Other,Source - Other Text,Incident Date,Incident Date - Unknown,Notice Received Date,Incident Time (24:00),Incident Time - Unknown,Same Incident ID,Latitude,Latitude - Unknown,Longitude,Longitude - Unknown,Address,Address - Unknown,City,City - Unknown,State,Zip Code,Zip Code - Unknown,Roadway Type,Roadway Surface,Roadway Description,Posted Speed Limit (MPH),Posted Speed Limit - Unknown,Lighting,Weather - Clear,Weather - Snow,Weather - Cloudy,Weather - Fog/Smoke,Weather - Rain,Weather - Severe Wind,Weather - Unknown,Weather - Other,Weather - Other Text,Crash With,Highest Injury Severity Alleged,Property Damage?,CP Pre-Crash Movement,CP Any Air Bags Deployed?,CP Was Vehicle Towed?,CP Contact Area - Rear Left,CP Contact Area - Left,CP Contact Area - Front Left,CP Contact Area - Rear,CP Contact Area - Top,CP Contact Area - Front,CP Contact Area - Rear Right,CP Contact Area - Right,CP Contact Area - Front Right,CP Contact Area - Bottom,CP Contact Area - Unknown,SV Pre-Crash Movement,SV Any Air Bags Deployed?,SV Was Vehicle Towed?,SV Were All Passengers Belted?,SV Precrash Speed (MPH),SV Pre-crash Speed - Unknown,SV Contact Area - Rear Left,SV Contact Area - Left,SV Contact Area - Front Left,SV Contact Area - Rear,SV Contact Area - Top,SV Contact Area - Front,SV Contact Area - Rear Right,SV Contact Area - Right,SV Contact Area - Front Right,SV Contact Area - Bottom,SV Contact Area - Unknown,Data Availability - EDR,Data Availability - Police Rpt,Data Availability - Telematics,Data Availability - Complaints,Data Availability - Video,Data Availability - Other,Data Availability - No Data,Data Availability - Unknown,Law Enforcement Investigating?,Investigating Agency,Investigating Agency - Unknown,Rep Ent Or Mfr Investigating?,Investigating Officer Name,Inv. Officer Name - Unknown,Investigating Officer Phone,Inv. Officer Phone - Unknown,Investigating Officer Email,Inv. Officer Email - Unknown,Within ODD?,Within ODD? - CBI,Narrative,Narrative - CBI?,hub_delta_v_less_than_1mph,hub_zip_code,hub_location,hub_crash_type,hub_is_police_reported,hub_is_any_injury_reported,data_period,reportable_v2,reportable_v3,filter_has_injury,filter_is_vru,filter_has_airbag,filter_has_tow,filter_is_5day_trigger,filter_is_single_vehicle,filter_waymo_struck_another,filter_deltav_over_1mph,filter_waymo_was_moving,filter_waymo_was_stationary
30270-8793,1,Waymo LLC,5-Day,,,OCT-2024,SADHW2S16M1, ,,Jaguar,I-Pace, ,2021.0, ,cdf78379297f7ce,189327.0, ,In-Vehicle and Remote (Commercial / Test),5th Generation ADS, , ,5th Generation, , ,Version 9, , ,Transdev Alternative Services, , ,,, ,Y,Yes (specify below),ADOT,Yes,ADS,Waymo LLC, , ,Y, , , , , ,,OCT-2024, ,OCT-2024,17:20, ,9a38526528986a1,[MAY CONTAIN PERSONALLY IDENTIFIABLE INFORMATION], ,[MAY CONTAIN PERSONALLY IDENTIFIABLE INFORMATION], ,[MAY CONTAIN PERSONALLY IDENTIFIABLE INFORMATION], ,Tempe, ,AZ ,[MAY CONTAIN PERSONALLY IDENTIFIABLE INFORMATION], ,Street,Dry,No Unusual Conditions,45.0, ,Dark - Lighted,Y, , , , , , , ,,Heavy Truck,No Injuries Reported,Yes,Backing,No,No, , , ,Y, , , , , , , ,Stopped,No,Yes,Yes,0.0, , , , , , ,Y, , , , , , , ,Y, ,Y,Y, , ,Yes,Chandler Police Department, ,Yes,[MAY CONTAIN PERSONALLY IDENTIFIABLE INFORMATION], ,,Y,,Y,Yes, ,"On October [XXX], 2024 at 9:20 PM MT a Waymo Autonomous Vehicle (""Waymo AV"") operating in Tempe, Arizona was in a collision involving a heavy truck on [XXX] at [XXX].
The Waymo AV was traveling westbound on [XXX] and came to a stop behind a heavy truck at a red traffic light at the intersection with [XXX]. While the Waymo AV remained stationary, the heavy truck began reversing in lane and the rear of the heavy truck made contact with the front bumper of the Waymo AV. At the time of the impact, the Waymo AV's Level 4 ADS was engaged in autonomous mode, and a test driver was present (in the driver's seating position). The Waymo AV sustained damage.
Waymo is reporting this crash under Request No. 1 of Standing General Order 2021-01 because a vehicle involved was towed away. Waymo may supplement or correct its reporting with additional information as it may become available.", ,,,,,,,prior_june16,True,True,False,False,False,True,True,False,False,False,False,True
30270-8794,1,Waymo LLC,5-Day,,,OCT-2024,SADHW2S16R1, ,,Jaguar,I-Pace, ,2024.0, ,47f52a90423d10d,4629.0, ,,5th Generation ADS, , ,5th Generation, , ,Version 9, , ,, ,Y,,, ,Y,No,,Yes,ADS,Waymo LLC, , ,Y, , , , , ,,OCT-2024, ,OCT-2024,17:27, ,78937cb7eee0b77,[MAY CONTAIN PERSONALLY IDENTIFIABLE INFORMATION], ,[MAY CONTAIN PERSONALLY IDENTIFIABLE INFORMATION], ,[MAY CONTAIN PERSONALLY IDENTIFIABLE INFORMATION], ,Austin, ,TX ,[MAY CONTAIN PERSONALLY IDENTIFIABLE INFORMATION], ,Street,Dry,No Unusual Conditions,35.0, ,Daylight,Y, , , , , , , ,,Passenger Car,No Injuries Reported,Yes,Making Left Turn,Yes,Yes, , , , , , , ,Y,Y, , ,Proceeding Straight,No,Yes,No Passengers in Vehicle,19.0, , , ,Y, , ,Y, , ,Y, , , , ,Y, ,Y,Y, , ,No,, ,Yes,, ,, ,, ,Yes, ,"On October [XXX], 2024 at 5:27 PM MT a Waymo Autonomous Vehicle (""Waymo AV"") operating in Austin, Texas was in a collision involving a passenger car on [XXX] at [XXX]. 
The Waymo AV was traveling in the rightmost of the two westbound lanes on [XXX]. The lane to the AV's left was occupied by a queue of stopped traffic. As the Waymo AV proceeded straight, a passenger car traveling eastbound on [XXX](likely in the two-way center turn lane) initiated a left turn and crossed into a gap between queued traffic to the Waymo AV's left. The passenger car proceeded to turn left into the right lane (in which the Waymo AV was traveling). The Waymo AV applied heavy braking but the front of the Waymo AV made contact with the passenger side of the passenger car.  At the time of the impact, the Waymo AV's Level 4 ADS was engaged in autonomous mode. Both vehicles sustained damage.
Waymo is reporting this crash under Request No. 1 of Standing General Order 2021-01 because a vehicle involved was towed away and because of airbag deployment.  Waymo may supplement or correct its reporting with additional information as it may become available.", ,False,78741,AUSTIN,V2V Intersection,False,False,prior_june16,True,True,False,False,True,True,True,False,True,True,True,False
30270-8809,1,Waymo LLC,Monthly,9.0,2024.0,OCT-2024,SADHW2S19M1, ,,Jaguar,I-Pace, ,2021.0, ,1e05d1db16a76d7,148060.0, ,,5th Generation ADS, , ,5th Generation, , ,Version 9, , ,, ,Y,,, ,Y,Yes (specify below),ADOT,Yes,ADS,Waymo LLC, , ,Y, , , , , ,,SEP-2024, ,SEP-2024,22:02, ,91efef66b8dc417,[MAY CONTAIN PERSONALLY IDENTIFIABLE INFORMATION], ,[MAY CONTAIN PERSONALLY IDENTIFIABLE INFORMATION], ,[MAY CONTAIN PERSONALLY IDENTIFIABLE INFORMATION], ,Scottsdale, ,AZ ,[MAY CONTAIN PERSONALLY IDENTIFIABLE INFORMATION], ,Street,Dry,Work Zone,35.0, ,Dark - Lighted,Y, , , , , , , ,,Other Fixed Object,No Injuries Reported,Yes,,,, , , , , , , , , , , ,Making Right Turn,No,No,Yes,1.0, , , , , , ,Y, , , , , , , ,Y, ,Y,Y, , ,No,, ,Yes,, ,, ,, ,Yes, ,"On September [XXX], 2024 at 10:02 PM MT a Waymo Autonomous Vehicle (Waymo AV) operating in Scottsdale, Arizona was in a collision involving a temporary lane control sign on [XXX] near [XXX].
At this section of [XXX] at this time, the roadway was under construction, there were no lane markings, and lane usage was defined with temporary lane control signage and traffic cones within the roadway. The Waymo AV was exiting a parking lot, making a right turn onto northbound [XXX]. As the Waymo AV was completing the right turn, the front of the Waymo AV made contact with a road sign placed in the roadway between the right turning lane and center straight lane. At the time of the impact, the Waymo AVs Level 4 ADS was engaged in autonomous mode. The Waymo AV sustained damage.
Waymo is reporting this crash under Request No. 2 of Standing General Order 2021-01. Waymo may supplement or correct its reporting with additional information as it may become available.", ,True,85251,PHOENIX,Single Vehicle,False,False,prior_june16,True,True,False,False,False,False,False,True,True,False,True,False
30270-8823,2,Waymo LLC,Update,,,OCT-2024,SADHW2S13R1, ,,Jaguar,I-Pace, ,2024.0, ,df813095ba967dd,20216.0, ,In-Vehicle (Commercial / Test),5th Generation ADS, , ,5th Generation, , ,Version 9, , ,Transdev Alternative Services, , ,,, ,Y,No,,Yes,ADS,Waymo LLC, , ,Y, , , , , ,,SEP-2024, ,SEP-2024,16:26, ,0840f6bd96c46ca,[MAY CONTAIN PERSONALLY IDENTIFIABLE INFORMATION], ,[MAY CONTAIN PERSONALLY IDENTIFIABLE INFORMATION], ,[MAY CONTAIN PERSONALLY IDENTIFIABLE INFORMATION], ,Austin, ,TX ,[MAY CONTAIN PERSONALLY IDENTIFIABLE INFORMATION], ,Street,Dry,No Unusual Conditions,50.0, ,Daylight, , ,Y, , , , , ,,Passenger Car,Minor,Yes,Changing Lanes,No,No, , , , , , , , ,Y, , ,Proceeding Straight,No,No,Yes,44.0, , ,Y, , , , , , , , , , , ,Y, ,Y,Y, , ,No,, ,Yes,, ,, ,, ,Yes, ,"Waymo is submitting this updated report to correct an erroneously reported VIN for the Waymo AV. This updated report is being submitted the same day the original report was submitted, on the monthly reporting due date of October 15, 2024. The remainder of the report and narrative is unchanged.
On September [XXX], 2024 at 4:26 PM CT a Waymo Autonomous Vehicle (Waymo AV) operating in Austin, Texas was in a collision involving a passenger car on [XXX] near [XXX]. 
The Waymo AV was traveling westbound on [XXX] in the middle lane of a three lane road. A passenger car in the left most lane merged onto [XXX] and changed lanes into the Waymo AV in the middle lane. The passenger side and front corner of the passenger car made contact with the driver side of the Waymo AV. At the time of the impact, the Waymo AVs Level 4 ADS was engaged in autonomous mode, and a test driver was present. Both vehicles sustained damage.
Waymo is reporting this crash under Request No. 2 of Standing General Order 2021-01. Waymo may supplement or correct its reporting with additional information as it may become available.", ,,,,,,,prior_june16,True,True,True,False,False,False,True,False,False,False,True,False
30270-8826,1,Waymo LLC,Monthly,9.0,2024.0,OCT-2024,SADHW2S16M1, ,,Jaguar,I-Pace, ,2021.0, ,d22d0764299c7ca,90600.0, ,,5th Generation ADS, , ,5th Generation, , ,Version 9, , ,, ,Y,,, ,Y,Yes (specify below),ADOT,Yes,ADS,Waymo LLC, , ,Y, , , , , ,,SEP-2024, ,SEP-2024,05:41, ,550765aae519cfb,[MAY CONTAIN PERSONALLY IDENTIFIABLE INFORMATION], ,[MAY CONTAIN PERSONALLY IDENTIFIABLE INFORMATION], ,[MAY CONTAIN PERSONALLY IDENTIFIABLE INFORMATION], ,Phoenix, ,AZ ,[MAY CONTAIN PERSONALLY IDENTIFIABLE INFORMATION], ,Intersection,Dry,No Unusual Conditions,35.0, ,Dawn / Dusk,Y, , , , , , , ,,Passenger Car,No Injuries Reported,Yes,Making Left Turn,No,No, , ,Y, , ,Y, , ,Y, , ,Crossing into Opposing Lane,No,No,No Passengers in Vehicle,17.0, , , , , , , , ,Y,Y, , , , ,Y, ,Y,Y, , ,No,, ,Yes,, ,, ,, ,Yes, ,"On September [XXX], 2024 at 5:41 AM MT a Waymo Autonomous Vehicle (Waymo AV) operating in Phoenix, Arizona was in a collision involving a passenger car on [XXX] and [XXX].
The Waymo AV was traveling northbound on [XXX] approaching the intersection with [XXX]. As the Waymo AV proceeded through the intersection, the passenger car entered the intersection from westbound [XXX] onto southbound [XXX] without stopping at the stop sign.  The front driver side bumper of the passenger car made contact with the passenger side of the Waymo AV. At the time of the impact, the Waymo AVs Level 4 ADS was engaged in autonomous mode. Both vehicles sustained damage.
Waymo is reporting this crash under Request No. 2 of Standing General Order 2021-01. Waymo may supplement or correct its reporting with additional information as it may become available.", ,False,85007,PHOENIX,V2V Intersection,False,False,prior_june16,True,True,False,False,False,False,False,False,True,True,True,False
30270-8832,2,Waymo LLC,Update,,,OCT-2024,SADHW2S13R1, ,,Jaguar,I-Pace, ,2024.0, ,7f6a9c1a5281ae6,2486.0, ,,5th Generation ADS, , ,5th Generation, , ,Version 9, , ,, ,Y,,, ,Y,No,,Yes,ADS,Waymo LLC, , ,Y, , , , , ,,SEP-2024, ,SEP-2024,06:52, ,7b4715420d002e8,[MAY CONTAIN PERSONALLY IDENTIFIABLE INFORMATION], ,[MAY CONTAIN PERSONALLY IDENTIFIABLE INFORMATION], ,[MAY CONTAIN PERSONALLY IDENTIFIABLE INFORMATION], ,Austin, ,TX ,[MAY CONTAIN PERSONALLY IDENTIFIABLE INFORMATION], ,Intersection,Wet,No Unusual Conditions,15.0, ,Dawn / Dusk, , ,Y, , , , , ,,"Other, see Narrative",No Injuries Reported,Yes,Making Right Turn,Not Applicable,No, , , , , , ,Y,Y, , , ,Stopped,No,No,No Passengers in Vehicle,0.0, , , ,Y, , , , , , , , , , ,Y, ,Y,Y, , ,No,, ,Yes,, ,, ,, ,Yes, ,"Waymo is submitting this updated report to correct an erroneously reported VIN for the Waymo AV. This updated report is being submitted the same day the original report was submitted, on the monthly reporting due date of October 15, 2024. The remainder of the report and narrative is unchanged.
On September[XXX], 2024 at 6:52 AM CT a Waymo Autonomous Vehicle (Waymo AV) operating in Austin, Texas was in a collision involving a heavy trucks trailer near [XXX] and [XXX].
The Waymo AV was in the driveway of a business park in the inner lane near the curb preparing to turn right onto [XXX] with a heavy truck in the left lane next to the Waymo AV, preparing to also turn right onto [XXX]. The Waymo AV was stationary while yielding to the heavy truck and trailer making a right turn from the outer left lane when the trailers rear passenger side and rear tires made contact with the driver side front of the Waymo AV. At the time of the impact, the Waymo AVs Level 4 ADS was engaged in autonomous mode. Both vehicles sustained damage.
Waymo is reporting this crash under Request No. 2 of Standing General Order 2021-01. Waymo may supplement or correct its reporting with additional information as it may become available.", ,False,78744,AUSTIN,V2V Intersection,False,False,prior_june16,False,True,False,False,False,False,False,False,False,True,False,True
30270-8833,1,Waymo LLC,Monthly,9.0,2024.0,OCT-2024,SADHW2S19M1, ,,Jaguar,I-Pace, ,2021.0, ,3f68632116d9f03,97293.0, ,,5th Generation ADS, , ,5th Generation, , ,Version 9, , ,, ,Y,,, ,Y,Yes (specify below),ADOT,Yes,ADS,Waymo LLC, , ,Y, , , , , ,,SEP-2024, ,SEP-2024,23:10, ,19ab715fdd203b2,[MAY CONTAIN PERSONALLY IDENTIFIABLE INFORMATION], ,[MAY CONTAIN PERSONALLY IDENTIFIABLE INFORMATION], ,[MAY CONTAIN PERSONALLY IDENTIFIABLE INFORMATION], ,Phoenix, ,AZ ,[MAY CONTAIN PERSONALLY IDENTIFIABLE INFORMATION], ,Street,Dry,No Unusual Conditions,15.0, ,Daylight,Y, , , , , , , ,,"Other, see Narrative",No Injuries Reported,Yes,Backing,No,No, , , , , , ,Y, , , , ,Proceeding Straight,No,No,No Passengers in Vehicle,3.0, ,Y, , , , , , , , , , , , ,Y, ,Y,Y, , ,No,, ,Yes,, ,, ,, ,Yes, ,"On September [XXX], 2024 at 4:10 PM MT a Waymo Autonomous Vehicle (Waymo AV) operating in Phoenix, Arizona was in a collision involving a forklift on  [XXX] at [XXX].
The Waymo AV was traveling southbound on [XXX] when it approached a truck and trailer on the right side of the roadway parked parallel to the curb, and a forklift on the left side of the roadway oriented towards the east side of the road. The Waymo AV proceeded straight between the two vehicles and the forklift began reversing while the Waymo AV was between both vehicles, and the rear of the forklift made contact with the driver side of the Waymo AV. At the time of the impact, the Waymo AVs Level 4 ADS was engaged in autonomous mode. The Waymo AV sustained damage.
Waymo is reporting this crash under Request No. 2 of Standing General Order 2021-01. Waymo may supplement or correct its reporting with additional information as it may become available.", ,False,85004,PHOENIX,V2V Backing,False,False,prior_june16,True,True,False,False,False,False,False,False,True,True,True,False
30270-8835,1,Waymo LLC,Monthly,9.0,2024.0,OCT-2024,SADHW2S12R1, ,,Jaguar,I-Pace, ,2024.0, ,d3f98cd30ee4b8c,39318.0, ,,5th Generation ADS, , ,5th Generation, , ,Version 9, , ,, ,Y,,, ,Y,Yes (specify below),ADOT,Yes,ADS,Waymo LLC, , ,Y, , , , , ,,SEP-2024, ,SEP-2024,18:51, ,8228f96f31cd43d,[MAY CONTAIN PERSONALLY IDENTIFIABLE INFORMATION], ,[MAY CONTAIN PERSONALLY IDENTIFIABLE INFORMATION], ,[MAY CONTAIN PERSONALLY IDENTIFIABLE INFORMATION], ,Mesa, ,AZ ,[MAY CONTAIN PERSONALLY IDENTIFIABLE INFORMATION], ,Intersection,Dry,No Unusual Conditions,45.0, ,Dawn / Dusk, , ,Y, , , , , ,,SUV,No Injuries Reported,Yes,Changing Lanes,No,No, , , , , , , , ,Y, , ,Making Left Turn,No,No,"No, see Narrative",18.0, , , ,Y, , , , , , , , , , ,Y, ,Y,Y, , ,No,, ,Yes,, ,, ,, ,Yes, ,"On September [XXX] 2024 at 6:51 PM MT a Waymo Autonomous Vehicle (Waymo AV) operating in Mesa, Arizona was in a collision involving a passenger car on [XXX] at [XXX]. 
The Waymo AV was traveling southbound on [XXX] in the center lane of three lanes after it made a left turn from the second, rightmost left turning lane on [XXX]. Simultaneously, a passenger car made a left turn from the leftmost lane to the center lane of [XXX]. The passenger side of the passenger car then made contact with the driver side of the Waymo AV.  At the time of the impact, the Waymo AVs Level 4 ADS was engaged in autonomous mode. Both vehicles sustained damage. Two of the three passengers in the Waymo AV were not belted at the time of the collision.
Waymo is reporting this crash under Request No. 2 of Standing General Order 2021-01. Waymo may supplement or correct its reporting with additional information as it may become available.", ,False,85202,PHOENIX,V2V Lateral,False,False,prior_june16,True,True,False,False,False,False,False,False,True,True,True,False
30270-8849,1,Waymo LLC,Monthly,9.0,2024.0,OCT-2024,SADHW2S17M1, ,,Jaguar,I-Pace, ,2021.0, ,8d461142a6059de,144852.0, ,,5th Generation ADS, , ,5th Generation, , ,Version 9, , ,, ,Y,,, ,Y,Yes (specify below),ADOT,Yes,ADS,Waymo LLC, , ,Y, , , , , ,,SEP-2024, ,SEP-2024,18:22, ,fb2544818a66537,[MAY CONTAIN PERSONALLY IDENTIFIABLE INFORMATION], ,[MAY CONTAIN PERSONALLY IDENTIFIABLE INFORMATION], ,[MAY CONTAIN PERSONALLY IDENTIFIABLE INFORMATION], ,Phoenix, ,AZ ,[MAY CONTAIN PERSONALLY IDENTIFIABLE INFORMATION], ,Street,Dry,No Unusual Conditions,40.0, ,Daylight, , ,Y, , , , , ,,Pickup Truck,No Injuries Reported,Yes,Proceeding Straight,No,No, , , , , ,Y, , , , , ,Stopped,No,No,No Passengers in Vehicle,0.0, , , , ,Y, , , , , , , , , ,Y, ,Y,Y, , ,No,, ,Yes,, ,, ,, ,Yes, ,"On September [XXX], 2024 at 6:22 PM MT a Waymo Autonomous Vehicle (Waymo AV) operating in Phoenix, Arizona was in a collision involving a pickup truck on [XXX] near [XXX].
The Waymo AV was traveling westbound on [XXX] and came to a stop in a queue of traffic for a red traffic light with a pickup truck stopped behind the Waymo AV. While the Waymo AV remained stationary at the red traffic light, the pickup truck began driving forward and the front bumper of the pickup truck made contact with the rear bumper of the Waymo AV. At the time of the impact, the Waymo AVs Level 4 ADS was engaged in autonomous mode. Both vehicles sustained damage.
Waymo is reporting this crash under Request No. 2 of Standing General Order 2021-01. Waymo may supplement or correct its reporting with additional information as it may become available.", ,False,85034,PHOENIX,V2V F2R,False,False,prior_june16,False,True,False,False,False,False,False,False,False,True,False,True
30270-8858,1,Waymo LLC,Monthly,9.0,2024.0,OCT-2024,SADHW2S18M1, ,,Jaguar,I-Pace, ,2021.0, ,1d9015d1dc4238d,145117.0, ,,5th Generation ADS, , ,5th Generation, , ,Version 9, , ,, ,Y,,, ,Y,Yes (specify below),ADOT,Yes,ADS,Waymo LLC, , ,Y, , , , , ,,SEP-2024, ,SEP-2024,06:17, ,8437c7bbecbfd81,[MAY CONTAIN PERSONALLY IDENTIFIABLE INFORMATION], ,[MAY CONTAIN PERSONALLY IDENTIFIABLE INFORMATION], ,[MAY CONTAIN PERSONALLY IDENTIFIABLE INFORMATION], ,Phoenix, ,AZ ,[MAY CONTAIN PERSONALLY IDENTIFIABLE INFORMATION], ,Street,Dry,No Unusual Conditions,25.0, ,Dawn / Dusk,Y, , , , , , , ,,SUV,No Injuries Reported,Yes,Proceeding Straight,No,No, , ,Y, , , , , , , , ,Stopped,No,No,No Passengers in Vehicle,0.0, ,Y, , , , , , , , , , , , ,Y, ,Y,Y, , ,Yes,Phoenix Police Department, ,Yes,[MAY CONTAIN PERSONALLY IDENTIFIABLE INFORMATION], ,,Y,,Y,Yes, ,"On September [XXX], 2024 at 6:17 AM MT a Waymo Autonomous Vehicle (Waymo AV) operating in Phoenix, Arizona was in a collision involving an SUV on [XXX] near [XXX]. 
The Waymo AV was parked at the curb in the eastbound lane on [XXX] for a passenger pickup. An SUV traveling westbound on [XXX] slowly approached the Waymo AV, and as the SUV passed the Waymo AV, the front driver side of the SUV made contact with the rear driver side of the Waymo AV. At the time of the impact, the Waymo AVs Level 4 ADS was engaged in autonomous mode. The Waymo AV sustained damage.
Waymo is reporting this crash under Request No. 2 of Standing General Order 2021-01. Waymo may supplement or correct its reporting with additional information as it may become available.", ,True,85013,PHOENIX,V2V Head-on,True,False,prior_june16,False,False,False,False,False,False,False,False,False,False,False,True
30270-8859,1,Waymo LLC,Monthly,9.0,2024.0,OCT-2024,SADHW2S13M1, ,,Jaguar,I-Pace, ,2021.0, ,b27d27e72de0d32,148805.0, ,,5th Generation ADS, , ,5th Generation, , ,Version 9, , ,, ,Y,,, ,Y,Yes (specify below),ADOT,Yes,ADS,Waymo LLC, , ,Y, , , , , ,,SEP-2024, ,SEP-2024,10:05, ,3b07164f997b49e,[MAY CONTAIN PERSONALLY IDENTIFIABLE INFORMATION], ,[MAY CONTAIN PERSONALLY IDENTIFIABLE INFORMATION], ,[MAY CONTAIN PERSONALLY IDENTIFIABLE INFORMATION], ,Phoenix, ,AZ ,[MAY CONTAIN PERSONALLY IDENTIFIABLE INFORMATION], ,Street,Dry,No Unusual Conditions,35.0, ,Daylight,Y, , , , , , , ,,SUV,No Injuries Reported,Yes,Changing Lanes,No,No, , , , , , , , ,Y, , ,Stopped,No,No,Yes,0.0, ,Y, , , , , , , , , , , , ,Y, ,Y,Y, , ,Yes,Phoenix Police Department, ,Yes,[MAY CONTAIN PERSONALLY IDENTIFIABLE INFORMATION], ,,Y,,Y,Yes, ,"On September [XXX], 2024 at 10:05 AM MT a Waymo Autonomous Vehicle (Waymo AV) operating in Phoenix, Arizona was in a collision involving a SUV on [XXX] at [XXX].
The Waymo AV was traveling eastbound in the leftmost straight lane on [XXX] and came to a stop in a queue of traffic for a red light at the intersection with [XXX]. The SUV traveling behind the Waymo AV began merging to the left turn lane at the same time a pickup truck was traveling in that lane, and the driver side of the SUV made contact with the passenger side of the pickup truck. After making contact with the pickup truck, the SUV swerved into the stationary Waymo AV, and the front passenger side of the SUV made contact with the rear driver side of the Waymo AV. At the time of the impact, the Waymo AVs Level 4 ADS was engaged in autonomous mode. All vehicles involved sustained damage.
Waymo is reporting this crash under Request No. 2 of Standing General Order 2021-01. Waymo may supplement or correct its reporting with additional information as it may become available.", ,True,85012,PHOENIX,Secondary Crash,True,False,prior_june16,False,False,False,False,False,False,False,False,False,False,False,True
30270-8881,1,Waymo LLC,Monthly,9.0,2024.0,OCT-2024,SADHW2S14R1, ,,Jaguar,I-Pace, ,2024.0, ,35c4c3c49dbd114,2935.0, ,,5th Generation ADS, , ,5th Generation, , ,Version 9, , ,, ,Y,,, ,Y,Yes (specify below),ADOT,Yes,ADS,Waymo LLC, , ,Y, , , , , ,,SEP-2024, ,SEP-2024,22:33, ,5ddb21b77d7eb02,[MAY CONTAIN PERSONALLY IDENTIFIABLE INFORMATION], ,[MAY CONTAIN PERSONALLY IDENTIFIABLE INFORMATION], ,[MAY CONTAIN PERSONALLY IDENTIFIABLE INFORMATION], ,Tempe, ,AZ ,[MAY CONTAIN PERSONALLY IDENTIFIABLE INFORMATION], ,Street,Dry,No Unusual Conditions,35.0, ,Dark - Lighted,Y, , , , , , , ,,Passenger Car,No Injuries Reported,Yes,Proceeding Straight,No,No, , , , , ,Y, , , , , ,Stopped,No,No,No Passengers in Vehicle,0.0, , , , ,Y, , , , , , , , , ,Y, ,Y,Y, , ,No,, ,Yes,, ,, ,, ,Yes, ,"On September [XXX], 2024 at 10:33 PM MT a Waymo Autonomous Vehicle (Waymo AV) operating in Tempe, Arizona was in a collision involving a passenger car on [XXX] at [XXX]. 
The Waymo AV was traveling northbound on [XXX] and came to a stop in a queue of traffic for a red light at the intersection with [XXX]. While the Waymo AV remained stopped, a passenger car approached the Waymo AV from behind, and the front of the passenger car made contact with the rear of the Waymo AV. At the time of the impact, the Waymo AVs Level 4 ADS was engaged in autonomous mode. The Waymo AV sustained damage.
Waymo is reporting this crash under Request No. 2 of Standing General Order 2021-01. Waymo may supplement or correct its reporting with additional information as it may become available.", ,False,85281,PHOENIX,V2V F2R,False,False,prior_june16,False,True,False,False,False,False,False,False,False,True,False,True
30270-8883,1,Waymo LLC,Monthly,9.0,2024.0,OCT-2024,SADHW2S16R1, ,,Jaguar,I-Pace, ,2024.0, ,47f52a90423d10d,3594.0, ,,5th Generation ADS, , ,5th Generation, , ,Version 9, , ,, ,Y,,, ,Y,No,,Yes,ADS,Waymo LLC, , ,Y, , , , , ,,SEP-2024, ,SEP-2024,16:09, ,1c682da2746b2c4,[MAY CONTAIN PERSONALLY IDENTIFIABLE INFORMATION], ,[MAY CONTAIN PERSONALLY IDENTIFIABLE INFORMATION], ,[MAY CONTAIN PERSONALLY IDENTIFIABLE INFORMATION], ,Austin, ,TX ,[MAY CONTAIN PERSONALLY IDENTIFIABLE INFORMATION], ,Street,Dry,No Unusual Conditions,30.0, ,Daylight,Y, , , , , , , ,,Pickup Truck,No Injuries Reported,Yes,Passing,No,No, , , , , , ,Y, , , , ,Stopped,No,No,No Passengers in Vehicle,0.0, ,Y, , , , , , , , , , , , ,Y, ,Y,Y, , ,No,, ,Yes,, ,, ,, ,Yes, ,"On September [XXX], 2024 at 4:09 PM CT a Waymo Autonomous Vehicle (Waymo AV) operating in Austin, Texas was in a collision involving a pickup truck on [XXX] near [XXX]. 
The Waymo AV had stopped to yield to oncoming traffic on eastbound [XXX] with parked vehicles on both sides of the street. While the Waymo AV remained stopped, a pickup truck that had been stopped behind the Waymo AV entered the oncoming lane of eastbound [XXX] to maneuver around the Waymo AV. As the pickup truck was passing the stopped Waymo AV, the passenger side of the pickup truck made contact with the rear driver side of the Waymo AV. At the time of the impact, the Waymo AVs Level 4 ADS was engaged in autonomous mode. Both vehicles sustained damage.
Waymo is reporting this crash under Request No. 2 of Standing General Order 2021-01. Waymo may supplement or correct its reporting with additional information as it may become available.", ,True,78701,AUSTIN,V2V Lateral,False,False,prior_june16,False,False,False,False,False,False,False,False,False,False,False,True