Report ID,Report Version,Reporting Entity,Report Type,Report Month,Report Year,Report Submission Date,VIN,VIN - Unknown,Serial Number,Make,Model,Model - Unknown,Model Year,Model Year - Unknown,Same Vehicle ID,Mileage,Mileage - Unknown,Driver / Operator Type,ADAS/ADS System Version,ADAS/ADS System Version - Unk,ADAS/ADS System Version CBI,ADAS/ADS Hardware Version,ADAS/ADS Hardware Version - Unk,ADAS/ADS Hardware Version CBI,ADAS/ADS Software Version,ADAS/ADS Software Version - Unk,ADAS/ADS Software Version CBI,Other Reporting Entities?,Other Reporting Entities? - Unk,Other Reporting Entities? - NA,Federal Regulatory Exemption?,Other Federal Reg. Exemption,Federal Reg. Exemption - Unk,Federal Reg. Exemption - No,State or Local Permit?,State or Local Permit,ADS Equipped?,Automation System Engaged?,Operating Entity,Operating Entity - Unknown,Source - Complaint/Claim,Source - Telematics,Source - Law Enforcement,Source - Field Report,Source - Testing,Source - Media,Source - Other,Source - Other Text,Incident Date,Incident Date - Unknown,Notice Received Date,Incident Time (24:00),Incident Time - Unknown,Same Incident ID,Latitude,Latitude - Unknown,Longitude,Longitude - Unknown,Address,Address - Unknown,City,City - Unknown,State,Zip Code,Zip Code - Unknown,Roadway Type,Roadway Surface,Roadway Description,Posted Speed Limit (MPH),Posted Speed Limit - Unknown,Lighting,Weather - Clear,Weather - Snow,Weather - Cloudy,Weather - Fog/Smoke,Weather - Rain,Weather - Severe Wind,Weather - Unknown,Weather - Other,Weather - Other Text,Crash With,Highest Injury Severity Alleged,Property Damage?,CP Pre-Crash Movement,CP Any Air Bags Deployed?,CP Was Vehicle Towed?,CP Contact Area - Rear Left,CP Contact Area - Left,CP Contact Area - Front Left,CP Contact Area - Rear,CP Contact Area - Top,CP Contact Area - Front,CP Contact Area - Rear Right,CP Contact Area - Right,CP Contact Area - Front Right,CP Contact Area - Bottom,CP Contact Area - Unknown,SV Pre-Crash Movement,SV Any Air Bags Deployed?,SV Was Vehicle Towed?,SV Were All Passengers Belted?,SV Precrash Speed (MPH),SV Pre-crash Speed - Unknown,SV Contact Area - Rear Left,SV Contact Area - Left,SV Contact Area - Front Left,SV Contact Area - Rear,SV Contact Area - Top,SV Contact Area - Front,SV Contact Area - Rear Right,SV Contact Area - Right,SV Contact Area - Front Right,SV Contact Area - Bottom,SV Contact Area - Unknown,Data Availability - EDR,Data Availability - Police Rpt,Data Availability - Telematics,Data Availability - Complaints,Data Availability - Video,Data Availability - Other,Data Availability - No Data,Data Availability - Unknown,Law Enforcement Investigating?,Investigating Agency,Investigating Agency - Unknown,Rep Ent Or Mfr Investigating?,Investigating Officer Name,Inv. Officer Name - Unknown,Investigating Officer Phone,Inv. Officer Phone - Unknown,Investigating Officer Email,Inv. Officer Email - Unknown,Within ODD?,Within ODD? - CBI,Narrative,Narrative - CBI?,hub_delta_v_less_than_1mph,hub_zip_code,hub_location,hub_crash_type,hub_is_police_reported,hub_is_any_injury_reported,data_period,reportable_v2,reportable_v3,filter_has_injury,filter_is_vru,filter_has_airbag,filter_has_tow,filter_is_5day_trigger,filter_is_single_vehicle,filter_waymo_struck_another,filter_deltav_over_1mph,filter_waymo_was_moving,filter_waymo_was_stationary
30270-10292,1,Waymo LLC,5-Day,,,MAR-2025,SADHW2S15R1, ,,Jaguar,I-Pace, ,2024.0, ,54bdbd8533c72f1,43281.0, ,,5th Generation ADS, , ,5th Generation, , ,Version 9, , ,, ,Y,,, ,Y,Yes (specify below),"CA DMV, CA PUC",Yes,ADS,Waymo LLC, , ,Y, , , , , ,,MAR-2025, ,MAR-2025,15:05, ,5cd19a835b8ee72,[MAY CONTAIN PERSONALLY IDENTIFIABLE INFORMATION], ,[MAY CONTAIN PERSONALLY IDENTIFIABLE INFORMATION], ,[MAY CONTAIN PERSONALLY IDENTIFIABLE INFORMATION], ,San Francisco, ,CA ,[MAY CONTAIN PERSONALLY IDENTIFIABLE INFORMATION], ,Street,Dry,No Unusual Conditions,30.0, ,Daylight,Y, , , , , , , ,,Passenger Car,No Injuries Reported,Yes,Proceeding Straight,No,No, , , , , ,Y, , , , , ,Proceeding Straight,No,Yes,Yes,11.0, , , , ,Y, , , , , , , , , ,Y, ,Y,Y, , ,No,, ,Yes,, ,, ,, ,Yes, ,"On March [XXX], 2025 at 3:05 PM PT a Waymo Autonomous Vehicle (""Waymo AV"") operating in San Francisco, California was in a collision involving a passenger car on [XXX] near [XXX]. 
The Waymo AV was traveling westbound on [XXX] in the center lane, slowing for a queue of traffic ahead in the same lane. A passenger car approached the Waymo AV from behind, and the front of the passenger car made contact with the rear of the Waymo AV. At the time of the impact, the Waymo AV's Level 4 ADS was engaged in autonomous mode. Both vehicles sustained damage.
Waymo is reporting this crash under Request No. 1 of Standing General Order 2021-01 because a vehicle involved was towed away. Waymo may supplement or correct its reporting with additional information as it may become available.", ,False,94122,SAN_FRANCISCO,V2V F2R,False,False,prior_june16,True,True,False,False,False,True,True,False,False,True,True,False
30270-10317,1,Waymo LLC,5-Day,,,MAR-2025,SADHW2S1XM1, ,,Jaguar,I-Pace, ,2021.0, ,3e0df0d9509ae6b,158058.0, ,,5th Generation ADS, , ,5th Generation, , ,Version 9, , ,, ,Y,,, ,Y,Yes (specify below),"CA DMV, CA PUC",Yes,ADS,Waymo LLC, , ,Y, , , , , ,,MAR-2025, ,MAR-2025,18:12, ,8d93aa03f99ce3a,[MAY CONTAIN PERSONALLY IDENTIFIABLE INFORMATION], ,[MAY CONTAIN PERSONALLY IDENTIFIABLE INFORMATION], ,[MAY CONTAIN PERSONALLY IDENTIFIABLE INFORMATION], ,San Francisco, ,CA ,[MAY CONTAIN PERSONALLY IDENTIFIABLE INFORMATION], ,Street,Dry,No Unusual Conditions,25.0, ,Daylight,Y, , , , , , , ,,Passenger Car,No Injuries Reported,Yes,Proceeding Straight,No,No, , , , , ,Y, , , , , ,Stopped,No,Yes,"No, see Narrative",0.0, , , , ,Y, , , , , , , , , ,Y, ,Y,Y, , ,No,, ,Yes,, ,, ,, ,Yes, ,"On March [XXX], 2025 at 6:12 PM PT a Waymo Autonomous Vehicle (""Waymo AV"") operating in San Francisco, California was in a collision involving a passenger car on [XXX] near [XXX]. 
The Waymo AV was traveling southbound on [XXX] and came to a stop in a queue of traffic. A passenger car approached the Waymo AV from behind, and the front of the passenger car made contact with the rear of the stationary Waymo AV. At the time of the impact, the Waymo AV's Level 4 ADS was engaged in autonomous mode. Both vehicles sustained damage. Two of the four passengers seated in the Waymo AV were not belted at the time of the collision, having not put the seatbelt on at the start of the trip.
Waymo is reporting this crash under Request No. 1 of Standing General Order 2021-01 because a vehicle involved was towed away. Waymo may supplement or correct its reporting with additional information as it may become available.", ,False,94110,SAN_FRANCISCO,V2V F2R,False,False,prior_june16,True,True,False,False,False,True,True,False,False,True,False,True
30270-10319,1,Waymo LLC,Monthly,3.0,2025.0,APR-2025,SADHW2S11R1, ,,Jaguar,I-Pace, ,2024.0, ,cd223ee0c0d774c,1441.0, ,,5th Generation ADS, , ,5th Generation, , ,Version 9, , ,, ,Y,,, ,Y,Yes (specify below),"CA DMV, CA PUC",Yes,ADS,Waymo LLC, , ,Y, , , , , ,,MAR-2025, ,MAR-2025,19:08, ,75e7a29d5560dfe,[MAY CONTAIN PERSONALLY IDENTIFIABLE INFORMATION], ,[MAY CONTAIN PERSONALLY IDENTIFIABLE INFORMATION], ,[MAY CONTAIN PERSONALLY IDENTIFIABLE INFORMATION], ,San Francisco, ,CA ,[MAY CONTAIN PERSONALLY IDENTIFIABLE INFORMATION], ,Street,Dry,No Unusual Conditions,25.0, ,Dawn / Dusk,Y, , , , , , , ,,Passenger Car,No Injuries Reported,Yes,Changing Lanes,No,No, , , , , , , ,Y, , , ,Proceeding Straight,No,No,No Passengers in Vehicle,23.0, , ,Y, , , , , , , , , , , ,Y, ,Y,Y, , ,No,, ,Yes,, ,, ,, ,Yes, ,"On March [XXX], 2025 at 7:08 PM PT a Waymo Autonomous Vehicle (""Waymo AV"") operating in San Francisco, California was in a collision involving a passenger car on [XXX] at [XXX].
The Waymo AV was travelling westbound in the rightmost lane on [XXX] near the intersection with [XXX]. As the Waymo AV approached the intersection, a passenger car in the lane to the left of the Waymo AV changed lanes into the right lane without a turn signal activated, and the passenger side of the passenger car made contact with the driver side of the Waymo AV. At the time of the impact, the Waymo AV's Level 4 ADS was engaged in autonomous mode. Both vehicles sustained damage.
Waymo is reporting this crash under Request No. 2 of Standing General Order 2021-01. Waymo may supplement or correct its reporting with additional information as it may become available.", ,False,94103,SAN_FRANCISCO,V2V Lateral,False,False,prior_june16,False,True,False,False,False,False,False,False,False,True,True,False
30270-10320,1,Waymo LLC,Monthly,3.0,2025.0,APR-2025,SADHW2S13R1, ,,Jaguar,I-Pace, ,2024.0, ,ce2a69333b0f094,28241.0, ,,5th Generation ADS, , ,5th Generation, , ,Version 9, , ,, ,Y,,, ,Y,Yes (specify below),"CA DMV, CA PUC",Yes,ADS,Waymo LLC, , ,Y, , , , , ,,MAR-2025, ,MAR-2025,12:44, ,77ba86fa433a2c4,[MAY CONTAIN PERSONALLY IDENTIFIABLE INFORMATION], ,[MAY CONTAIN PERSONALLY IDENTIFIABLE INFORMATION], ,[MAY CONTAIN PERSONALLY IDENTIFIABLE INFORMATION], ,Los Angeles, ,CA ,[MAY CONTAIN PERSONALLY IDENTIFIABLE INFORMATION], ,Street,Dry,No Unusual Conditions,25.0, ,Daylight,Y, , , , , , , ,,Passenger Car,No Injuries Reported,Yes,Traveling Wrong Way,No,No, , , , , , , ,Y, , , ,Proceeding Straight,No,No,No Passengers in Vehicle,0.0, ,Y,Y, , , , , , , , , , , ,Y, ,Y,Y, , ,No,, ,Yes,, ,, ,, ,Yes, ,"On March [XXX], 2025 at 12:44 PM PT a Waymo Autonomous Vehicle (""Waymo AV"") operating in Los Angeles, California was in a collision involving a passenger car on [XXX] near [XXX]. 
The Waymo AV was traveling northeastbound on [XXX] and stopped in a queue of traffic when a passenger car traveling northeastbound in the opposing lane of travel to the left of the Waymo AV began to pass the Waymo AV. As the passenger car passed the stationary Waymo AV, the passenger side of the passenger car made contact with the driver side of the stationary Waymo AV. At the time of the impact, the Waymo AV's Level 4 ADS was engaged in autonomous mode. The Waymo AV sustained damage.
Waymo is reporting this crash under Request No. 2 of Standing General Order 2021-01. Waymo may supplement or correct its reporting with additional information as it may become available.", ,True,90064,LOS_ANGELES,V2V Lateral,False,False,prior_june16,False,False,False,False,False,False,False,False,False,False,True,False
30270-10321,1,Waymo LLC,Monthly,3.0,2025.0,APR-2025,SADHW2S13R1, ,,Jaguar,I-Pace, ,2024.0, ,ce2a69333b0f094,28241.0, ,,5th Generation ADS, , ,5th Generation, , ,Version 9, , ,, ,Y,,, ,Y,Yes (specify below),"CA DMV, CA PUC",Yes,ADS,Waymo LLC, , ,Y, , , , , ,,MAR-2025, ,MAR-2025,12:57, ,77ba86fa433a2c4,[MAY CONTAIN PERSONALLY IDENTIFIABLE INFORMATION], ,[MAY CONTAIN PERSONALLY IDENTIFIABLE INFORMATION], ,[MAY CONTAIN PERSONALLY IDENTIFIABLE INFORMATION], ,Los Angeles, ,CA ,[MAY CONTAIN PERSONALLY IDENTIFIABLE INFORMATION], ,Street,Dry,No Unusual Conditions,25.0, ,Daylight,Y, , , , , , , ,,SUV,No Injuries Reported,Yes,Proceeding Straight,No,No, , , , , , , ,Y, , , ,Parked,No,No,No Passengers in Vehicle,0.0, ,Y, , , , , , , , , , , , ,Y, ,Y,Y, , ,No,, ,Yes,, ,, ,, ,Yes, ,"On March [XXX], 2025 at 12:57 PM PT a Waymo Autonomous Vehicle (""Waymo AV"") operating in Los Angeles, California was in a collision involving an SUV on [XXX] near [XXX]. 
The Waymo AV was parked in-lane with hazard lights activated, facing northeastbound on [XXX] due to a prior collision. An SUV travelling northeast on [XXX] approached the Waymo AV from behind, and began to pass the Waymo AV on the left. As the SUV passed the parked Waymo AV, the passenger side of the SUV made contact with the rear driver side of the Waymo AV. At the time of the impact, the Waymo AV's Level 4 ADS was engaged in autonomous mode. Both vehicles sustained damage.
Waymo is reporting this crash under Request No. 2 of Standing General Order 2021-01. Waymo may supplement or correct its reporting with additional information as it may become available.", ,True,90064,LOS_ANGELES,V2V Lateral,False,False,prior_june16,False,False,False,False,False,False,False,False,False,False,False,True
30270-10322,1,Waymo LLC,Monthly,3.0,2025.0,APR-2025,SADHW2S1XR1, ,,Jaguar,I-Pace, ,2024.0, ,f5bad8f25c54711,3103.0, ,,5th Generation ADS, , ,5th Generation, , ,Version 9, , ,, ,Y,,, ,Y,Yes (specify below),"CA DMV, CA PUC",Yes,ADS,Waymo LLC, , ,Y, , , , , ,,MAR-2025, ,MAR-2025,19:26, ,bdc3fa454ba067e,[MAY CONTAIN PERSONALLY IDENTIFIABLE INFORMATION], ,[MAY CONTAIN PERSONALLY IDENTIFIABLE INFORMATION], ,[MAY CONTAIN PERSONALLY IDENTIFIABLE INFORMATION], ,San Francisco, ,CA ,[MAY CONTAIN PERSONALLY IDENTIFIABLE INFORMATION], ,Intersection,Wet,No Unusual Conditions,30.0, ,Dawn / Dusk, , , , ,Y, , , ,,Passenger Car,No Injuries Reported,Yes,Proceeding Straight,No,No, , ,Y, , ,Y, , ,Y, , ,Stopped,No,No,No Passengers in Vehicle,0.0, ,Y, , ,Y, , ,Y, , , , , , ,Y, ,Y,Y, , ,No,, ,Yes,, ,, ,, ,Yes, ,"On March [XXX], 2025 at 7:26 PM PT a Waymo Autonomous Vehicle (""Waymo AV"") operating in San Francisco, California was in a collision involving a passenger car on [XXX] at [XXX].
The Waymo AV was traveling southeastbound on [XXX] when it came to a stop at the stop sign at the intersection at [XXX]. While the Waymo AV was stopped, a passenger car approached the Waymo AV from behind, and the front of the passenger car made contact with the rear of the stationary Waymo AV. At the time of the impact, the Waymo AV's Level 4 ADS was engaged in autonomous mode. Both vehicles sustained damage.
Waymo is reporting this crash under Request No. 2 of Standing General Order 2021-01. Waymo may supplement or correct its reporting with additional information as it may become available.", ,False,94124,SAN_FRANCISCO,V2V F2R,False,False,prior_june16,False,True,False,False,False,False,False,False,False,True,False,True
30270-10323,1,Waymo LLC,Monthly,3.0,2025.0,APR-2025,SADHW2S14R1, ,,Jaguar,I-Pace, ,2024.0, ,31c9cef6355228c,44675.0, ,,5th Generation ADS, , ,5th Generation, , ,Version 9, , ,, ,Y,,, ,Y,Yes (specify below),"CA DMV, CA PUC",Yes,ADS,Waymo LLC, , ,Y, , , , , ,,MAR-2025, ,MAR-2025,22:21, ,6f8e41395fab5e8,[MAY CONTAIN PERSONALLY IDENTIFIABLE INFORMATION], ,[MAY CONTAIN PERSONALLY IDENTIFIABLE INFORMATION], ,[MAY CONTAIN PERSONALLY IDENTIFIABLE INFORMATION], ,Los Angeles, ,CA ,[MAY CONTAIN PERSONALLY IDENTIFIABLE INFORMATION], ,Street,Dry,No Unusual Conditions,35.0, ,Dark - Lighted,Y, , , , , , , ,,Animal,No Injuries Reported,Yes,"Other, see Narrative",,, , , , , , , , , , , ,Proceeding Straight,No,No,"No, see Narrative",18.0, , , , , , ,Y, , , , , , , ,Y, ,Y,Y, , ,No,, ,Yes,, ,, ,, ,Yes, ,"On March [XXX], 2025 at 10:21 PM PT a Waymo Autonomous Vehicle (""Waymo AV"") operating in Los Angeles, California was in a collision involving a domestic animal on [XXX] near [XXX]. 
The Waymo AV was traveling eastbound on [XXX] in the rightmost lane with cars parked along the right-hand side curb, when a domestic animal entered the roadway from a gap between the parked vehicles on the right side of the roadway and crossed the path of the Waymo AV. The front of the Waymo AV made contact with the domestic animal. A passenger seated in the Waymo AV was not belted at the time of the collision. At the time of the impact, the Waymo AV's Level 4 ADS was engaged in autonomous mode. The domestic animal sustained injuries.
Waymo is reporting this crash under Request No. 2 of Standing General Order 2021-01. Waymo may supplement or correct its reporting with additional information as it may become available.", ,True,90018,LOS_ANGELES,All Others,False,False,prior_june16,True,True,False,False,False,False,False,True,True,False,True,False
30270-10324,1,Waymo LLC,Monthly,3.0,2025.0,APR-2025,SADHW2S1XR1, ,,Jaguar,I-Pace, ,2024.0, ,9e40c2babfb79c8,17480.0, ,,5th Generation ADS, , ,5th Generation, , ,Version 9, , ,, ,Y,,, ,Y,Yes (specify below),"CA DMV, CA PUC",Yes,ADS,Waymo LLC, , ,Y, , , , , ,,MAR-2025, ,MAR-2025,00:01, ,063193d08c16979,[MAY CONTAIN PERSONALLY IDENTIFIABLE INFORMATION], ,[MAY CONTAIN PERSONALLY IDENTIFIABLE INFORMATION], ,[MAY CONTAIN PERSONALLY IDENTIFIABLE INFORMATION], ,Los Angeles, ,CA ,[MAY CONTAIN PERSONALLY IDENTIFIABLE INFORMATION], ,Street,Dry,No Unusual Conditions,25.0, ,Dark - Lighted,Y, , , , , , , ,,Van,No Injuries Reported,Yes,Proceeding Straight,No,No, , , , , , , ,Y, , , ,Stopped,No,No,Yes,0.0, ,Y, , , , , , , , , , , , ,Y, ,Y,Y, , ,No,, ,Yes,, ,, ,, ,Yes, ,"On March [XXX], 2025 at 12:01 AM PT a Waymo Autonomous Vehicle (""Waymo AV"") operating in Los Angeles, California was in a collision involving a van on [XXX] near [XXX]. 
The Waymo AV was stopped facing south in a cul-de-sac on [XXX] after making a series of maneuvers to exit the cul-de-sac. A van was within the cul-de-sac directly behind the Waymo AV, and began to pass the stationary Waymo AV on the left. As the van passed the Waymo AV, the passenger side of the van made contact with the rear driver side of the stationary Waymo AV. At the time of the impact, the Waymo AV's Level 4 ADS was engaged in autonomous mode. Both vehicles sustained damage.
Waymo is reporting this crash under Request No. 2 of Standing General Order 2021-01. Waymo may supplement or correct its reporting with additional information as it may become available.", ,False,90026,LOS_ANGELES,V2V Lateral,False,False,prior_june16,False,True,False,False,False,False,False,False,False,True,False,True
30270-10326,1,Waymo LLC,Monthly,3.0,2025.0,APR-2025,SADHW2S19R1, ,,Jaguar,I-Pace, ,2024.0, ,4397efdcc60adba,1225.0, ,,5th Generation ADS, , ,5th Generation, , ,Version 9, , ,, ,Y,,, ,Y,Yes (specify below),"CA DMV, CA PUC",Yes,ADS,Waymo LLC, , ,Y, , , , , ,,MAR-2025, ,MAR-2025,08:36, ,f4c74c5f46b77e2,[MAY CONTAIN PERSONALLY IDENTIFIABLE INFORMATION], ,[MAY CONTAIN PERSONALLY IDENTIFIABLE INFORMATION], ,[MAY CONTAIN PERSONALLY IDENTIFIABLE INFORMATION], ,San Francisco, ,CA ,[MAY CONTAIN PERSONALLY IDENTIFIABLE INFORMATION], ,Street,Dry,No Unusual Conditions,25.0, ,Daylight,Y, , , , , , , ,,Heavy Truck,No Injuries Reported,Yes,Proceeding Straight,No,No, , ,Y, , , , , , , , ,Stopped,No,No,No Passengers in Vehicle,0.0, ,Y, , , , , , , , , , , , ,Y, ,Y,Y, , ,No,, ,Yes,, ,, ,, ,Yes, ,"On March [XXX], 2025 at 8:36 AM PT a Waymo Autonomous Vehicle (""Waymo AV"") operating in San Francisco, California was in a collision involving a heavy truck on [XXX] near [XXX]. 
The Waymo AV was stopped facing west on [XXX], yielding to a stopped garbage truck facing east in a narrow roadway with parked vehicles on both sides of the street. As the garbage truck proceeded to move forward and pass the stopped Waymo AV, the driver side of the garbage truck made contact with the rear driver side of the Waymo AV. At the time of the impact, the Waymo AV's Level 4 ADS was engaged in autonomous mode. Both vehicles sustained damage.
Waymo is reporting this crash under Request No. 2 of Standing General Order 2021-01. Waymo may supplement or correct its reporting with additional information as it may become available.", ,True,94114,SAN_FRANCISCO,V2V Head-on,False,False,prior_june16,False,False,False,False,False,False,False,False,False,False,False,True
30270-10327,1,Waymo LLC,Monthly,3.0,2025.0,APR-2025,SADHW2S15R1, ,,Jaguar,I-Pace, ,2024.0, ,9ce87e9f64b38aa,15971.0, ,,5th Generation ADS, , ,5th Generation, , ,Version 9, , ,, ,Y,,, ,Y,Yes (specify below),"CA DMV, CA PUC",Yes,ADS,Waymo LLC, , ,Y, , , , , ,,MAR-2025, ,MAR-2025,14:09, ,7387be18790a2af,[MAY CONTAIN PERSONALLY IDENTIFIABLE INFORMATION], ,[MAY CONTAIN PERSONALLY IDENTIFIABLE INFORMATION], ,[MAY CONTAIN PERSONALLY IDENTIFIABLE INFORMATION], ,Beverly Hills, ,CA ,[MAY CONTAIN PERSONALLY IDENTIFIABLE INFORMATION], ,Street,Dry,No Unusual Conditions,25.0, ,Daylight, , ,Y, , , , , ,,SUV,No Injuries Reported,Yes,Proceeding Straight,No,No, , , , , , , ,Y, , , ,Parked,No,No,"No, see Narrative",0.0, ,Y, , , , , , , , , , , , ,Y, ,Y,Y, , ,No,, ,Yes,, ,, ,, ,Yes, ,"On March [XXX], 2025 at 2:09 PM PT a Waymo Autonomous Vehicle (""Waymo AV"") operating in Beverly Hills, California was in a collision involving an SUV on [XXX] near [XXX].  
The Waymo AV was parked near the curb facing east on [XXX] for a passenger pickup when an SUV traveling east on [XXX] began to pass the Waymo AV. As the SUV passed the parked Waymo AV, the passenger side of the SUV made contact with the rear driver side of the stationary Waymo AV. The passenger, who was seated in the front of the Waymo AV, was not belted at the time of the collision, having just entered the vehicle. At the time of the impact, the Waymo AV's Level 4 ADS was engaged in autonomous mode. Both vehicles sustained damage.
Waymo is reporting this crash under Request No. 2 of Standing General Order 2021-01. Waymo may supplement or correct its reporting with additional information as it may become available.", ,False,90212,LOS_ANGELES,V2V Lateral,False,False,prior_june16,False,True,False,False,False,False,False,False,False,True,False,True
30270-10332,1,Waymo LLC,Monthly,3.0,2025.0,APR-2025,SADHW2S13R1, ,,Jaguar,I-PACE, ,2024.0, ,3a41fdf19a1379a,29688.0, ,,5th Generation ADS, , ,5th Generation, , ,Version 9, , ,, ,Y,,, ,Y,Yes (specify below),"CA DMV, CA PUC",Yes,ADS,Waymo LLC, , ,Y, , , , , ,,MAR-2025, ,MAR-2025,09:29, ,1da574bf86e86e6,[MAY CONTAIN PERSONALLY IDENTIFIABLE INFORMATION], ,[MAY CONTAIN PERSONALLY IDENTIFIABLE INFORMATION], ,[MAY CONTAIN PERSONALLY IDENTIFIABLE INFORMATION], ,San Francisco, ,CA ,[MAY CONTAIN PERSONALLY IDENTIFIABLE INFORMATION], ,Intersection,Dry,No Unusual Conditions,25.0, ,Daylight,Y, , , , , , , ,,Pickup Truck,No Injuries Reported,Yes,Proceeding Straight,No,No, , , , , ,Y, , , , , ,Stopped,No,No,Yes,0.0, , , , ,Y, , , , , , , , , ,Y, ,Y,Y, , ,No,, ,Yes,, ,, ,, ,Yes, ,"On March [XXX], 2025 at 9:29 AM PT a Waymo Autonomous Vehicle (""Waymo AV"") operating in San Francisco, California was in a collision involving a pickup truck on [XXX] at [XXX]. 
The Waymo AV was traveling eastbound on [XXX] came to a stop for a right light at the intersection of [XXX].  When the traffic light turned green, the Waymo AV remained stopped as there were vehicles traveling southbound on [XXX] still occupying the intersection. While the Waymo AV remained stopped, a pickup truck approached the Waymo AV from behind, and the front of the pickup truck made contact with the rear of the stationary Waymo AV. At the time of the impact, the Waymo AV's Level 4 ADS was engaged in autonomous mode. The Waymo AV sustained damage.
Waymo is reporting this crash under Request No. 2 of Standing General Order 2021-01. Waymo may supplement or correct its reporting with additional information as it may become available.", ,True,94104,SAN_FRANCISCO,V2V F2R,False,False,prior_june16,False,False,False,False,False,False,False,False,False,False,False,True
30270-10334,1,Waymo LLC,Monthly,3.0,2025.0,APR-2025,SADHW2S1XR1, ,,Jaguar,I-PACE, ,2024.0, ,7b5e705adeea7e8,30070.0, ,,5th Generation ADS, , ,5th Generation, , ,Version 9, , ,, ,Y,,, ,Y,Yes (specify below),"CA DMV, CA PUC",Yes,ADS,Waymo LLC, , ,Y, , , , , ,,MAR-2025, ,MAR-2025,20:48, ,b839f9b509c626f,[MAY CONTAIN PERSONALLY IDENTIFIABLE INFORMATION], ,[MAY CONTAIN PERSONALLY IDENTIFIABLE INFORMATION], ,[MAY CONTAIN PERSONALLY IDENTIFIABLE INFORMATION], ,Los Angeles, ,CA ,[MAY CONTAIN PERSONALLY IDENTIFIABLE INFORMATION], ,Intersection,Dry,No Unusual Conditions,25.0, ,Dark - Lighted,Y, , , , , , , ,,Pickup Truck,No Injuries Reported,Yes,Proceeding Straight,No,No, ,Y, , , , , , , , , ,Stopped,No,No,Yes,0.0, , , ,Y, , , , , , , , , , ,Y, ,Y,Y, , ,No,, ,Yes,, ,, ,, ,Yes, ,"On March [XXX], 2025 at 8:48 PM PT a Waymo Autonomous Vehicle (""Waymo AV"") operating in Los Angeles, California was in a collision involving a pickup truck on [XXX] at [XXX]. 
The Waymo AV was traveling southbound on [XXX], proceeding through the intersection at [XXX]. A queue of traffic waiting to enter a restaurant parking lot was present within the single lane of travel immediately after the intersection. As the Waymo AV maneuvered through the intersection, it began to proceed around the queue of traffic when a pickup truck approached, traveling northbound on [XXX]. The Waymo AV reversed and came to a stop, yielding to the oncoming pickup truck, and as the pickup truck passed by the Waymo AV, the driver side of the pickup made contact with the front driver side of the Waymo AV. At the time of the impact, the Waymo AV's Level 4 ADS was engaged in autonomous mode. The Waymo AV sustained damage.
Waymo is reporting this crash under Request No. 2 of Standing General Order 2021-01. Waymo may supplement or correct its reporting with additional information as it may become available.", ,True,90028,LOS_ANGELES,V2V Lateral,False,False,prior_june16,False,False,False,False,False,False,False,False,False,False,False,True
30270-10335,1,Waymo LLC,Monthly,3.0,2025.0,APR-2025,SADHW2S13R1, ,,Jaguar,I-Pace, ,2024.0, ,b5ce786e1bf0900,7509.0, ,,5th Generation ADS, , ,5th Generation, , ,Version 9, , ,, ,Y,,, ,Y,Yes (specify below),"CA DMV, CA PUC",Yes,ADS,Waymo LLC, , ,Y, , , , , ,,MAR-2025, ,MAR-2025,13:11, ,2b4ae7e6e7a0b7e,[MAY CONTAIN PERSONALLY IDENTIFIABLE INFORMATION], ,[MAY CONTAIN PERSONALLY IDENTIFIABLE INFORMATION], ,[MAY CONTAIN PERSONALLY IDENTIFIABLE INFORMATION], ,Los Angeles, ,CA ,[MAY CONTAIN PERSONALLY IDENTIFIABLE INFORMATION], ,Intersection,Dry,No Unusual Conditions,35.0, ,Daylight,Y, , , , , , , ,,SUV,No Injuries Reported,Yes,Changing Lanes,No,No, , , , , , , ,Y, , , ,Stopped,No,No,No Passengers in Vehicle,0.0, ,Y, , , , , , , , , , , , ,Y, ,Y,Y, , ,No,, ,Yes,, ,, ,, ,Yes, ,"On March [XXX], 2025 at 1:11 PM PT a Waymo Autonomous Vehicle (""Waymo AV"") operating in Los Angeles, California was in a collision involving an SUV on [XXX] at [XXX]. 
The Waymo AV was traveling eastbound in the second from the right lane on [XXX] and came to a stop for a red light at [XXX].  As the light turned green, the Waymo AV remained stationary due to an earlier gesture from the pedestrian directing traffic. An SUV traveling eastbound, directly behind the Waymo AV maneuvered into the left turn lane to pass the Waymo AV, and the rear passenger side of the SUV made contact with the rear driver side of the stationary Waymo AV.  At the time of the impact, the Waymo AV's Level 4 ADS was engaged in autonomous mode. The SUV sustained damage.
Waymo is reporting this crash under Request No. 2 of Standing General Order 2021-01. Waymo may supplement or correct its reporting with additional information as it may become available.", ,True,90036,LOS_ANGELES,V2V Lateral,False,False,prior_june16,False,False,False,False,False,False,False,False,False,False,False,True