Report ID,Report Version,Reporting Entity,Report Type,Report Month,Report Year,Report Submission Date,VIN,VIN - Unknown,Serial Number,Make,Model,Model - Unknown,Model Year,Model Year - Unknown,Same Vehicle ID,Mileage,Mileage - Unknown,Driver / Operator Type,ADAS/ADS System Version,ADAS/ADS System Version - Unk,ADAS/ADS System Version CBI,ADAS/ADS Hardware Version,ADAS/ADS Hardware Version - Unk,ADAS/ADS Hardware Version CBI,ADAS/ADS Software Version,ADAS/ADS Software Version - Unk,ADAS/ADS Software Version CBI,Other Reporting Entities?,Other Reporting Entities? - Unk,Other Reporting Entities? - NA,Federal Regulatory Exemption?,Other Federal Reg. Exemption,Federal Reg. Exemption - Unk,Federal Reg. Exemption - No,State or Local Permit?,State or Local Permit,ADS Equipped?,Automation System Engaged?,Operating Entity,Operating Entity - Unknown,Source - Complaint/Claim,Source - Telematics,Source - Law Enforcement,Source - Field Report,Source - Testing,Source - Media,Source - Other,Source - Other Text,Incident Date,Incident Date - Unknown,Notice Received Date,Incident Time (24:00),Incident Time - Unknown,Same Incident ID,Latitude,Latitude - Unknown,Longitude,Longitude - Unknown,Address,Address - Unknown,City,City - Unknown,State,Zip Code,Zip Code - Unknown,Roadway Type,Roadway Surface,Roadway Description,Posted Speed Limit (MPH),Posted Speed Limit - Unknown,Lighting,Weather - Clear,Weather - Snow,Weather - Cloudy,Weather - Fog/Smoke,Weather - Rain,Weather - Severe Wind,Weather - Unknown,Weather - Other,Weather - Other Text,Crash With,Highest Injury Severity Alleged,Property Damage?,CP Pre-Crash Movement,CP Any Air Bags Deployed?,CP Was Vehicle Towed?,CP Contact Area - Rear Left,CP Contact Area - Left,CP Contact Area - Front Left,CP Contact Area - Rear,CP Contact Area - Top,CP Contact Area - Front,CP Contact Area - Rear Right,CP Contact Area - Right,CP Contact Area - Front Right,CP Contact Area - Bottom,CP Contact Area - Unknown,SV Pre-Crash Movement,SV Any Air Bags Deployed?,SV Was Vehicle Towed?,SV Were All Passengers Belted?,SV Precrash Speed (MPH),SV Pre-crash Speed - Unknown,SV Contact Area - Rear Left,SV Contact Area - Left,SV Contact Area - Front Left,SV Contact Area - Rear,SV Contact Area - Top,SV Contact Area - Front,SV Contact Area - Rear Right,SV Contact Area - Right,SV Contact Area - Front Right,SV Contact Area - Bottom,SV Contact Area - Unknown,Data Availability - EDR,Data Availability - Police Rpt,Data Availability - Telematics,Data Availability - Complaints,Data Availability - Video,Data Availability - Other,Data Availability - No Data,Data Availability - Unknown,Law Enforcement Investigating?,Investigating Agency,Investigating Agency - Unknown,Rep Ent Or Mfr Investigating?,Investigating Officer Name,Inv. Officer Name - Unknown,Investigating Officer Phone,Inv. Officer Phone - Unknown,Investigating Officer Email,Inv. Officer Email - Unknown,Within ODD?,Within ODD? - CBI,Narrative,Narrative - CBI?,hub_delta_v_less_than_1mph,hub_zip_code,hub_location,hub_crash_type,hub_is_police_reported,hub_is_any_injury_reported,data_period,reportable_v2,reportable_v3,filter_has_injury,filter_is_vru,filter_has_airbag,filter_has_tow,filter_is_5day_trigger,filter_is_single_vehicle,filter_waymo_struck_another,filter_deltav_over_1mph,filter_waymo_was_moving,filter_waymo_was_stationary
30270-11067,1,Waymo LLC,Monthly,5.0,2025.0,JUN-2025,SADHW2S19R1, ,,Jaguar,I-Pace, ,2024.0, ,adca7777fe00060,48624.0, ,,5th Generation ADS, , ,5th Generation, , ,Version 10, , ,, ,Y,,, ,Y,Yes (specify below),"CA DMV, CA PUC",Yes,ADS,Waymo LLC, , ,Y, , , , , ,,MAY-2025, ,MAY-2025,21:25, ,0c9a90bc73ade6f,[MAY CONTAIN PERSONALLY IDENTIFIABLE INFORMATION], ,[MAY CONTAIN PERSONALLY IDENTIFIABLE INFORMATION], ,[MAY CONTAIN PERSONALLY IDENTIFIABLE INFORMATION], ,San Francisco, ,CA ,[MAY CONTAIN PERSONALLY IDENTIFIABLE INFORMATION], ,Street,Dry,No Unusual Conditions,15.0, ,Dark - Lighted,Y, , , , , , , ,,Passenger Car,No Injuries Reported,Yes,Making Left Turn,No,No, ,Y, , , , , , , , , ,Stopped,No,No,No Passengers in Vehicle,0.0, , , ,Y, , , , , , , , , , ,Y, ,Y,Y, , ,No,, ,Yes,, ,, ,, ,Yes, ,"On May [XXX], 2025 at 9:25 PM PT a Waymo Autonomous Vehicle (""Waymo AV"") operating in San Francisco, California was in a collision involving a passenger car on [XXX] at [XXX]. 
The Waymo AV was stopped facing northeast on [XXX], yielding for a stop sign at the intersection at [XXX], in a narrow roadway with parked vehicles on the northwest side of the [XXX]. As the Waymo AV remained stopped, a passenger car that was traveling northwestbound on [XXX] made a left turn onto [XXX]. As the passenger car proceeded to pass the Waymo AV and complete its turn, the driver side of the passenger car made contact with the front driver side of the stationary Waymo AV. At the time of the impact, the Waymo AV's Level 4 ADS was engaged in autonomous mode. The Waymo AV sustained damage.
Waymo is reporting this crash under Request No. 2 of Standing General Order 2021-01. Waymo may supplement or correct its reporting with additional information as it may become available.", ,True,94103,SAN_FRANCISCO,V2V Head-on,False,False,prior_june16,False,False,False,False,False,False,False,False,False,False,False,True
30270-1160,1,Waymo LLC,1-Day,,,SEP-2021,SADHW2S12M1, ,,Jaguar,I-Pace, ,2021.0, ,68397cbf53d7d3b,8500.0, ,In-Vehicle (Commercial / Test),5th Generation ADS, , ,, , ,, , ,, , ,,, , ,,,Yes,ADS,Waymo LLC, , ,Y, , , , , ,,AUG-2021, ,AUG-2021,17:41, ,930d0910bc2916c,[MAY CONTAIN PERSONALLY IDENTIFIABLE INFORMATION], ,[MAY CONTAIN PERSONALLY IDENTIFIABLE INFORMATION], ,[MAY CONTAIN PERSONALLY IDENTIFIABLE INFORMATION], ,San Francisco, ,CA ,,Y,Street,Dry,No Unusual Conditions,25.0, ,Daylight,Y, , , , , , , ,,Passenger Car,No Injuries Reported,Yes,Parked,No,No, ,Y, , , , , , , , , ,Backing,No,Yes,Yes,2.0, , , , , , , ,Y, , , , , , ,Y, ,Y,Y, , ,No,, ,Yes,, ,, ,, ,Yes, ,"On August [XXX], 2021 at 5:41 PM PDT, Waymo Autonomous Vehicle ('Waymo AV') operating in San Francisco was in a collision involving an unoccupied parked passenger vehicle at [XXX]. While performing a multipoint turn at the north end of [XXX] (a dead-end road), the Waymo AV was in reverse at approximately 2 MPH when it made contact with the front driver's side door of an unoccupied parked passenger vehicle. The Waymo AV was in autonomous mode until just before making contact, when the test driver transitioned the Waymo AV into manual mode. The contact caused minor scuffing and a small dent in the door handle of the parked vehicle's driver door and minor damage to the plastic sensor housing on the Waymo AV's rear passenger's side.
Waymo is reporting this crash under Request No. 1 of Standing General Order 2021-01 because the Waymo AV was towed from the scene (though the Waymo AV was driveable). Waymo may supplement or correct its reporting with additional information as it may become available.", ,,,,,,,prior_june16,True,True,False,False,False,True,True,False,False,False,True,False
30270-1220,1,Waymo LLC,1-Day,,,SEP-2021,SADHW2S12M1, ,,Jaguar,I-Pace, ,2021.0, ,68397cbf53d7d3b,8500.0, ,In-Vehicle (Commercial / Test),5th Generation ADS, , ,, , ,, , ,, , ,,, , ,,,Yes,ADS,Waymo LLC, , ,Y, , , , , ,,AUG-2021, ,AUG-2021,17:41, ,930d0910bc2916c,[MAY CONTAIN PERSONALLY IDENTIFIABLE INFORMATION], ,[MAY CONTAIN PERSONALLY IDENTIFIABLE INFORMATION], ,[MAY CONTAIN PERSONALLY IDENTIFIABLE INFORMATION], ,San Francisco, ,CA ,[MAY CONTAIN PERSONALLY IDENTIFIABLE INFORMATION], ,Street,Dry,No Unusual Conditions,25.0, ,Daylight,Y, , , , , , , ,,Passenger Car,No Injuries Reported,Yes,Parked,No,No, ,Y, , , , , , , , , ,Backing,No,Yes,Yes,2.0, , , , , , , ,Y, , , , , , ,Y, ,Y,Y, , ,No,, ,Yes,, ,, ,, ,Yes, ,"Other than the addition of the zip code in which the incident occurred, the content of this report is unchanged from the initial report submitted on September [XXX], 2021 [REDACTED, MAY CONTAIN CONFIDENTIAL BUSINESS INFORMATION]. On August [XXX], 2021 at 5:41 PM PDT, Waymo Autonomous Vehicle (""Waymo AV"") operating in San Francisco was in a collision involving an unoccupied parked passenger vehicle at [XXX]. While performing a multipoint turn at the north end of [XXX] (a dead-end road), the Waymo AV was in reverse at approximately 2 MPH when it made contact with the front driver's side door of an unoccupied parked passenger vehicle. The Waymo AV was in autonomous mode until just before making contact, when the test driver transitioned the Waymo AV into manual mode. The contact caused minor scuffing and a small dent in the door handle of the parked vehicle's driver door and minor damage to the plastic sensor housing on the Waymo AV's rear passenger's side.Waymo is reporting this crash under Request No. 1 of Standing General Order 2021-01 because the Waymo AV was towed from the scene (though the Waymo AV was driveable). Waymo may supplement or correct its reporting with additional information as it may become available. This report was submitted from the Pacific time zone on the required date.", ,,,,,,,prior_june16,True,True,False,False,False,True,True,False,False,False,True,False
30270-1310,1,Waymo LLC,Monthly,8.0,2021.0,SEP-2021,SADHW2S13M1, ,,Jaguar,I-Pace, ,2021.0, ,016d002b046c9c8,2500.0, ,In-Vehicle (Commercial / Test),5th Generation ADS, , ,, , ,, , ,, , ,,, , ,,,Yes,ADS,Waymo LLC, , ,Y, , , , , ,,AUG-2021, ,AUG-2021,08:04, ,c882936e5c7827a,[MAY CONTAIN PERSONALLY IDENTIFIABLE INFORMATION], ,[MAY CONTAIN PERSONALLY IDENTIFIABLE INFORMATION], ,[MAY CONTAIN PERSONALLY IDENTIFIABLE INFORMATION], ,San Francisco, ,CA ,[MAY CONTAIN PERSONALLY IDENTIFIABLE INFORMATION], ,Street,Dry,No Unusual Conditions,30.0, ,Daylight, , ,Y, , , , , ,,Van,No Injuries Reported,Yes,Proceeding Straight,Unknown,Unknown, , , , , ,Y, , , , , ,Proceeding Straight,No,No,Yes,2.0, , , , , , , , , , ,Y, , , ,Y, ,Y,Y, , ,No,, ,Yes,, ,, ,, ,Yes, ,"On August [XXX], 2021 at 8:04 AM PDT, a Waymo Autonomous Vehicle (""Waymo AV"") operating in San Francisco was in a collision involving a van at [XXX] and [XXX]. While in manual mode and traveling northwest on [XXX], the Waymo AV was approaching slower lead traffic at the stop sign intersection at [XXX]. As the Waymo AV's operator (in the driver's seating position) slowed the Waymo AV, a van made contact with the rear of the Waymo AV. The Waymo AV sustained minor damage to the underside of its rear bumper; the van did not appear to sustain damage.
Waymo is reporting this crash under Request No. 2 of Standing General Order 2021-01. Waymo may supplement or correct its reporting with additional information as it may become available. This report was submitted from the Pacific time zone on the required date.", ,,,,,,,prior_june16,False,False,False,False,False,False,False,False,False,False,True,False
30270-1311,1,Waymo LLC,Monthly,8.0,2021.0,SEP-2021,SADHW2S10M1, ,,Jaguar,I-Pace, ,2021.0, ,f6ce80fd458f116,2466.0, ,In-Vehicle (Commercial / Test),5th Generation ADS, , ,, , ,, , ,, , ,,, , ,,,Yes,ADS,Waymo LLC, , ,Y, , , , , ,,AUG-2021, ,AUG-2021,16:15, ,93ff2213b39d943,[MAY CONTAIN PERSONALLY IDENTIFIABLE INFORMATION], ,[MAY CONTAIN PERSONALLY IDENTIFIABLE INFORMATION], ,[MAY CONTAIN PERSONALLY IDENTIFIABLE INFORMATION], ,San Francisco, ,CA ,[MAY CONTAIN PERSONALLY IDENTIFIABLE INFORMATION], ,Intersection,Dry,No Unusual Conditions,25.0, ,Daylight,Y, , , , , , , ,,Pickup Truck,No Injuries Reported,Yes,Proceeding Straight,Unknown,Unknown, , , , , ,Y, , , , , ,Stopped,No,No,Yes,0.0, ,Y, , ,Y, , ,Y, , , , , , ,Y, ,Y,Y, , ,No,, ,Yes,, ,, ,, ,Yes, ,"On August [XXX], 2021 at 4:15 PM PDT, a Waymo Autonomous Vehicle ('Waymo AV') operating in San Francisco was in a collision involving a pickup at [XXX] and [XXX]. The Waymo AV was stopped at a red light in autonomous mode when the pickup behind the Waymo AV made contact with the rear of the Waymo vehicle. The Waymo AV sustained minor damage to the rear bumper. The pickup appeared to sustain minor scuffing.
Waymo is reporting this crash under Request No. 2 of Standing General Order 2021-01. Waymo may supplement or correct its reporting with additional information as it may become available. This report was submitted from the Pacific time zone on the required date.", ,,,,,,,prior_june16,False,False,False,False,False,False,False,False,False,False,False,True
30270-1312,1,Waymo LLC,Monthly,8.0,2021.0,SEP-2021,SADHW2S1XM1, ,,Jaguar,I-Pace, ,2021.0, ,80e3ad40ec485bc,5582.0, ,In-Vehicle (Commercial / Test),5th Generation ADS, , ,, , ,, , ,, , ,,, , ,,,Yes,ADS,Waymo LLC, , ,Y, , , , , ,,AUG-2021, ,AUG-2021,07:30, ,d5901cab90a4303,[MAY CONTAIN PERSONALLY IDENTIFIABLE INFORMATION], ,[MAY CONTAIN PERSONALLY IDENTIFIABLE INFORMATION], ,[MAY CONTAIN PERSONALLY IDENTIFIABLE INFORMATION], ,San Francisco, ,CA ,[MAY CONTAIN PERSONALLY IDENTIFIABLE INFORMATION], ,Intersection,Dry,No Unusual Conditions,25.0, ,Daylight,Y, , , , , , , ,,Pickup Truck,No Injuries Reported,Yes,Passing,Unknown,Unknown, , , , , , , ,Y, , , ,Entering Traffic,No,No,Yes,8.0, , , ,Y, , , , , , , , , , ,Y, ,Y,Y, , ,No,, ,Yes,, ,, ,, ,Yes, ,"On August [XXX], 2021 at 7:30 AM PDT, a Waymo Autonomous Vehicle (""Waymo AV"") operating in San Francisco, California was in a collision involving a pickup near the intersection of [XXX] at [XXX]. The Waymo AV was stopped near the end of [XXX] toward [XXX] after having executed a pull-over in autonomous mode, at which time the operator of the Waymo AV took manual control of the Waymo AV and proceeded into the driving lane. The Waymo AV then made contact with the right rear fender of a pickup passing the Waymo AV on the left side. Both vehicles incurred minor damage.
Waymo is reporting this crash under Request No. 2 of Standing General Order 2021-01. Waymo may supplement or correct its reporting with additional information as it may become available. This report was submitted from the Pacific time zone on the required date.", ,,,,,,,prior_june16,True,True,False,False,False,False,False,False,True,False,True,False
30270-1371,1,Waymo LLC,1-Day,,,OCT-2021,SADHW2S13M1, ,,Jaguar,I-Pace, ,2021.0, ,db1aad21cae0c5d,10779.0, ,In-Vehicle (Commercial / Test),5th Generation ADS, , ,, , ,, , ,, , ,,, , ,,,Yes,ADS,Waymo LLC, , ,Y, , , , , ,,OCT-2021, ,OCT-2021,15:51, ,2be0d6e1e9a8d23,[MAY CONTAIN PERSONALLY IDENTIFIABLE INFORMATION], ,[MAY CONTAIN PERSONALLY IDENTIFIABLE INFORMATION], ,[MAY CONTAIN PERSONALLY IDENTIFIABLE INFORMATION], ,San Francisco, ,CA ,[MAY CONTAIN PERSONALLY IDENTIFIABLE INFORMATION], ,Intersection,Dry,No Unusual Conditions,30.0, ,Daylight,Y, , , , , , , ,,SUV,No Injuries Reported,Yes,Proceeding Straight,No,No, , , , , ,Y, , , , , ,Stopped,No,No,Yes,0.0, , , , ,Y, , , , , , , , , ,Y, ,Y,Y, , ,No,, ,Yes,, ,, ,, ,Yes, ,"On October [XXX], 2021 at 3:51 PM PDT a Waymo Autonomous Vehicle ('Waymo AV') operating in San Francisco, California was in a collision involving an SUV at [XXX] at [XXX]. 
The Waymo AV was traveling in autonomous mode westbound on [XXX] / [XXX] when it stopped for pedestrians who were in a crosswalk and between the westbound and eastbound lanes of [XXX]. An SUV following behind the Waymo AV struck the rear of the Waymo AV. The Waymo AV sustained minor damage to its rear bumper and trunk, and the SUV sustained minor damage to its front bumper and hood. 
Waymo is reporting this crash under Request No. 1 of Standing General Order 2021-01 because the Waymo AV was stopped for pedestrians when the impact occurred. Waymo may supplement or correct its reporting with additional information as it may become available. This report was submitted from the Pacific time zone on the required date.", ,,,,,,,prior_june16,False,False,False,False,False,False,False,False,False,False,False,True
30270-1410,1,Waymo LLC,1-Day,,,OCT-2021,SADHW2S13M1, ,,Jaguar,I-Pace, ,2021.0, ,db1aad21cae0c5d,10779.0, ,In-Vehicle (Commercial / Test),5th Generation ADS, , ,, , ,, , ,, , ,,, , ,,,Yes,ADS,Waymo LLC, , ,Y, , , , , ,,OCT-2021, ,OCT-2021,15:51, ,2be0d6e1e9a8d23,[MAY CONTAIN PERSONALLY IDENTIFIABLE INFORMATION], ,[MAY CONTAIN PERSONALLY IDENTIFIABLE INFORMATION], ,[MAY CONTAIN PERSONALLY IDENTIFIABLE INFORMATION], ,San Francisco, ,CA ,[MAY CONTAIN PERSONALLY IDENTIFIABLE INFORMATION], ,Intersection,Dry,No Unusual Conditions,30.0, ,Daylight,Y, , , , , , , ,,SUV,Minor,Yes,Proceeding Straight,No,No, , , , , ,Y, , , , , ,Stopped,No,No,Yes,0.0, , , , ,Y, , , , , , , , , ,Y, ,Y,Y, , ,No,, ,Yes,, ,, ,, ,Yes, ,"On October [XXX], 2021 at 3:51 PM PDT a Waymo Autonomous Vehicle ('Waymo AV') operating in San Francisco, California was in a collision involving an SUV at [XXX] at [XXX]. 
The Waymo AV was traveling in autonomous mode westbound on [XXX] / [XXX] when it stopped for pedestrians who were in a crosswalk and between the westbound and eastbound lanes of [XXX]. An SUV following behind the Waymo AV struck the rear of the Waymo AV. The Waymo AV sustained minor damage to its rear bumper and trunk, and the SUV sustained minor damage to its front bumper and hood. The Waymo AV test driver (in the driver's seating position) later reported lower back pain.
Waymo is reporting this crash under Request No. 1 of Standing General Order 2021-01 because the Waymo AV was stopped for pedestrians when the impact occurred. Waymo may supplement or correct its reporting with additional information as it may become available. This report was submitted from the Pacific time zone on the required date.", ,,,,,,,prior_june16,True,True,True,False,False,False,True,False,False,False,False,True
30270-1494,1,Waymo LLC,Monthly,9.0,2021.0,OCT-2021,SADHW2S10M1, ,,Jaguar,I-Pace, ,2021.0, ,93f83a6c71b9de2,2055.0, ,In-Vehicle and Remote (Commercial / Test),5th Generation ADS, , ,, , ,, , ,, , ,,, , ,,,Yes,ADS,Waymo LLC, , ,Y, , , , , ,,SEP-2021, ,SEP-2021,01:56, ,1dacdcc3d3d698e,[MAY CONTAIN PERSONALLY IDENTIFIABLE INFORMATION], ,[MAY CONTAIN PERSONALLY IDENTIFIABLE INFORMATION], ,[MAY CONTAIN PERSONALLY IDENTIFIABLE INFORMATION], ,San Francisco, ,CA ,[MAY CONTAIN PERSONALLY IDENTIFIABLE INFORMATION], ,Street,Dry,No Unusual Conditions,25.0, ,Dark - Not Lighted,Y, , , , , , , ,,Passenger Car,No Injuries Reported,Yes,Parked,No,No, , , , , , ,Y, , , , ,Backing,No,No,Yes,2.0, , , , , , , ,Y, , , , , , ,Y, ,Y,Y, , ,No,, ,Yes,, ,, ,, ,Yes, ,"On September [XXX], 2021 at 1:56 AM PDT, a Waymo Autonomous Vehicle ('Waymo AV') operating in San Francisco was in a collision involving an unoccupied parked passenger vehicle at the north end of [XXX] (a dead-end road). 
While performing a multipoint turn in autonomous mode, the Waymo AV was reversing at approximately 2 MPH when it made contact with the rear tail light of an unoccupied parked passenger vehicle. The Waymo AV was operating with a test driver present (in the driver's seating position), and at the time of the impact, the Waymo AV's Level 4 ADS was engaged in autonomous mode. The contact caused a small break in the tail light cover of the parked vehicle and minor damage to the rear bumper of the Waymo AV.
Waymo is reporting this crash under Request No. 2 of Standing General Order 2021-01. Waymo will supplement or correct its reporting with additional information as it may become available. This report was submitted from the Pacific time zone on the required date.", ,,,,,,,prior_june16,True,True,False,False,False,False,False,False,True,False,True,False
30270-1495,1,Waymo LLC,Monthly,9.0,2021.0,OCT-2021,SADHW2S18M1, ,,Jaguar,I-Pace, ,2021.0, ,d5bf40bdf0b1c10,2684.0, ,In-Vehicle (Commercial / Test),5th Generation ADS, , ,, , ,, , ,, , ,,, , ,,,Yes,ADS,Waymo LLC, , ,Y, , , , , ,,SEP-2021, ,SEP-2021,17:14, ,a2f72a0435b1c3e,[MAY CONTAIN PERSONALLY IDENTIFIABLE INFORMATION], ,[MAY CONTAIN PERSONALLY IDENTIFIABLE INFORMATION], ,[MAY CONTAIN PERSONALLY IDENTIFIABLE INFORMATION], ,San Francisco, ,CA ,[MAY CONTAIN PERSONALLY IDENTIFIABLE INFORMATION], ,Intersection,Dry,No Unusual Conditions,25.0, ,Daylight,Y, , , , , , , ,,Passenger Car,No Injuries Reported,Yes,Traveling Wrong Way,Unknown,Unknown, , , , , , , , , , ,Y,Making Left Turn,No,No,Yes,8.0, , , ,Y, , , , , , , , , , ,Y, ,Y,Y, , ,No,, ,Yes,, ,, ,, ,Yes, ,"On September [XXX], 2021 at 5:14 PM PDT a Waymo Autonomous Vehicle (""Waymo AV"") operating in San Francisco, California was in a collision involving a passenger vehicle at [XXX] and [XXX]. 
While making a left turn from [XXX] onto [XXX] in manual mode, the Waymo AV was struck by a passenger vehicle attempting to pass the Waymo AV on the left side using the oncoming traffic lane. At the time of the impact the Waymo AV's Level 4 ADS was not engaged and a test driver (in the driver's seating position) was operating the Waymo AV in manual mode. The Waymo AV sustained minor damage to the left front fender. The other vehicle left the scene without exchanging information.
Waymo is reporting this crash under Request No. 2 of Standing General Order 2021-01. Waymo will supplement or correct its reporting with additional information as it may become available. This report was submitted from the Pacific time zone on the required date.", ,,,,,,,prior_june16,True,True,False,False,False,False,False,False,True,False,True,False
30270-1498,2,Waymo LLC,Update,9.0,2021.0,OCT-2021,SADHW2S13M1, ,,Jaguar,I-Pace, ,2021.0, ,69f9ac55561d6ff,11571.0, ,In-Vehicle (Commercial / Test),5th Generation ADS, , ,, , ,, , ,, , ,,, , ,,,Yes,ADS,Waymo LLC, , ,Y, , , , , ,,SEP-2021, ,SEP-2021,12:33, ,0cb307e3099fa7e,[MAY CONTAIN PERSONALLY IDENTIFIABLE INFORMATION], ,[MAY CONTAIN PERSONALLY IDENTIFIABLE INFORMATION], ,[MAY CONTAIN PERSONALLY IDENTIFIABLE INFORMATION], ,San Francisco, ,CA ,[MAY CONTAIN PERSONALLY IDENTIFIABLE INFORMATION], ,Intersection,Dry,No Unusual Conditions,25.0, ,Daylight,Y, , , , , , , ,,Passenger Car,No Injuries Reported,Yes,Making Right Turn,Unknown,Unknown, , , , , , , , , , ,Y,Stopped,No,No,Yes,0.0, , , ,Y, , , , , , , , , , ,Y, ,Y,Y, , ,No,, ,Yes,, ,, ,, ,Yes, ,"On September [XXX], 2021 at 12:33 PM PDT a Waymo Autonomous Vehicle (""Waymo AV"") operating in San Francisco, California was in a collision involving a passenger vehicle at [XXX] and [XXX]. 
The Waymo AV was waiting to turn right onto [XXX] in autonomous mode when the driver (in the driver's seating position) transitioned to manual mode. A passenger vehicle was in the process of completing a right turn from [XXX] onto [XXX] and made contact with the front left fender of the stopped Waymo AV, before proceeding straight through the narrow roadway. At the time of the impact the Waymo AV's Level 4 ADS was not engaged and a test driver was operating the Waymo AV in manual mode. The Waymo AV sustained minor damage to the fender. The other vehicle left the scene without exchanging information. 
Waymo is reporting this crash under Request No. 2 of Standing General Order 2021-01. Waymo will supplement or correct its reporting with additional information as it may become available. This report was submitted from the Pacific time zone on the required date.", ,,,,,,,prior_june16,False,False,False,False,False,False,False,False,False,False,False,True
30270-1500,1,Waymo LLC,Monthly,9.0,2021.0,OCT-2021,SADHW2S16M1, ,,Jaguar,I-Pace, ,2021.0, ,127631507705ca2,8379.0, ,In-Vehicle (Commercial / Test),5th Generation ADS, , ,, , ,, , ,, , ,,, , ,,,Yes,ADS,Waymo LLC, , ,Y, , , , , ,,SEP-2021, ,SEP-2021,11:39, ,0d0ae62c0bf671d,[MAY CONTAIN PERSONALLY IDENTIFIABLE INFORMATION], ,[MAY CONTAIN PERSONALLY IDENTIFIABLE INFORMATION], ,[MAY CONTAIN PERSONALLY IDENTIFIABLE INFORMATION], ,San Francisco, ,CA ,[MAY CONTAIN PERSONALLY IDENTIFIABLE INFORMATION], ,Street,Dry,No Unusual Conditions,25.0, ,Daylight,Y, , , , , , , ,,Passenger Car,No Injuries Reported,Yes,Backing,No,No,Y, , , , , , , , , , ,Stopped,No,No,Yes,0.0, , , , , , , ,Y, , , , , , ,Y, ,Y,Y, , ,No,, ,Yes,, ,, ,, ,Yes, ,"On September [XXX], 2021 at 11:39 AM PDT a Waymo Autonomous Vehicle ('Waymo AV') operating in San Francisco, California was in a collision involving a passenger vehicle on the 400 block of [XXX].
While in autonomous mode, the Waymo AV was stopped behind a double-parked passenger vehicle in the right-hand lane of traffic with slow-moving (same directional) traffic to its left. The driver of the Waymo AV (in the driver's seating position) transitioned the vehicle to manual mode and initiated a lane change into the congested left-hand lane. Before the driver of the Waymo AV could complete this maneuver, the passenger vehicle in front of the Waymo AV shifted into reverse and proceeded to make contact with the rear right sensor of the Waymo AV. At the time of the impact the Waymo AV's Level 4 ADS was not engaged and a test driver was operating the Waymo AV in manual mode. Both vehicles sustained minor damage. 
Waymo is reporting this crash under Request No. 2 of Standing General Order 2021-01. Waymo will supplement or correct its reporting with additional information as it may become available. This report was submitted from the Pacific time zone on the required date.", ,,,,,,,prior_june16,False,False,False,False,False,False,False,False,False,False,False,True
30270-1613,1,Waymo LLC,1-Day,,,NOV-2021,SADHW2S17M1, ,,Jaguar,I-Pace, ,2021.0, ,c7cd0871d60a651,10606.0, ,In-Vehicle (Commercial / Test),5th Generation ADS, , ,, , ,, , ,, , ,,, , ,,,Yes,ADS,Waymo LLC, , ,Y, , , , , ,,NOV-2021, ,NOV-2021,16:28, ,b4618f349040cbb,[MAY CONTAIN PERSONALLY IDENTIFIABLE INFORMATION], ,[MAY CONTAIN PERSONALLY IDENTIFIABLE INFORMATION], ,[MAY CONTAIN PERSONALLY IDENTIFIABLE INFORMATION], ,San Francisco, ,CA ,,Y,Intersection,Dry,No Unusual Conditions,25.0, ,Daylight, , ,Y, , , , , ,,Passenger Car,No Injuries Reported,Yes,Proceeding Straight,No,Unknown, , , , , ,Y, , ,Y, , ,Stopped,No,No,Yes,0.0, ,Y, , ,Y, , , , , , , , , ,Y, ,Y,Y, , ,Unknown,San Francisco Police Department, ,Yes,,Y,,Y,,Y,Yes, ,"On November [XXX], 2021 at 4:28 PM PDT a Waymo Autonomous Vehicle ('Waymo AV') operating in San Francisco, California was in a collision involving a passenger vehicle on [XXX] at [XXX]. 
The Waymo AV was traveling in autonomous mode southbound on [XXX] when it activated its right turn signal and prepared to make a right turn onto [XXX]. The Waymo AV stopped to yield to a pedestrian who was in the adjacent crosswalk on [XXX]. A passenger vehicle behind the Waymo AV struck the rear of the Waymo AV. The Waymo AV sustained minor damage to its rear bumper, and the trailing passenger vehicle sustained minor damage to its front bumper. 
Waymo is reporting this crash under Request No. 1 of Standing General Order 2021-01 because the Waymo AV was stopped for a pedestrian when the impact occurred. Waymo may supplement or correct its reporting with additional information as it may become available. This report was submitted from the Pacific time zone on the required date.", ,,,,,,,prior_june16,False,False,False,False,False,False,False,False,False,False,False,True