Report ID,Report Version,Reporting Entity,Report Type,Report Month,Report Year,Report Submission Date,VIN,VIN - Unknown,Serial Number,Make,Model,Model - Unknown,Model Year,Model Year - Unknown,Same Vehicle ID,Mileage,Mileage - Unknown,Driver / Operator Type,ADAS/ADS System Version,ADAS/ADS System Version - Unk,ADAS/ADS System Version CBI,ADAS/ADS Hardware Version,ADAS/ADS Hardware Version - Unk,ADAS/ADS Hardware Version CBI,ADAS/ADS Software Version,ADAS/ADS Software Version - Unk,ADAS/ADS Software Version CBI,Other Reporting Entities?,Other Reporting Entities? - Unk,Other Reporting Entities? - NA,Federal Regulatory Exemption?,Other Federal Reg. Exemption,Federal Reg. Exemption - Unk,Federal Reg. Exemption - No,State or Local Permit?,State or Local Permit,ADS Equipped?,Automation System Engaged?,Operating Entity,Operating Entity - Unknown,Source - Complaint/Claim,Source - Telematics,Source - Law Enforcement,Source - Field Report,Source - Testing,Source - Media,Source - Other,Source - Other Text,Incident Date,Incident Date - Unknown,Notice Received Date,Incident Time (24:00),Incident Time - Unknown,Same Incident ID,Latitude,Latitude - Unknown,Longitude,Longitude - Unknown,Address,Address - Unknown,City,City - Unknown,State,Zip Code,Zip Code - Unknown,Roadway Type,Roadway Surface,Roadway Description,Posted Speed Limit (MPH),Posted Speed Limit - Unknown,Lighting,Weather - Clear,Weather - Snow,Weather - Cloudy,Weather - Fog/Smoke,Weather - Rain,Weather - Severe Wind,Weather - Unknown,Weather - Other,Weather - Other Text,Crash With,Highest Injury Severity Alleged,Property Damage?,CP Pre-Crash Movement,CP Any Air Bags Deployed?,CP Was Vehicle Towed?,CP Contact Area - Rear Left,CP Contact Area - Left,CP Contact Area - Front Left,CP Contact Area - Rear,CP Contact Area - Top,CP Contact Area - Front,CP Contact Area - Rear Right,CP Contact Area - Right,CP Contact Area - Front Right,CP Contact Area - Bottom,CP Contact Area - Unknown,SV Pre-Crash Movement,SV Any Air Bags Deployed?,SV Was Vehicle Towed?,SV Were All Passengers Belted?,SV Precrash Speed (MPH),SV Pre-crash Speed - Unknown,SV Contact Area - Rear Left,SV Contact Area - Left,SV Contact Area - Front Left,SV Contact Area - Rear,SV Contact Area - Top,SV Contact Area - Front,SV Contact Area - Rear Right,SV Contact Area - Right,SV Contact Area - Front Right,SV Contact Area - Bottom,SV Contact Area - Unknown,Data Availability - EDR,Data Availability - Police Rpt,Data Availability - Telematics,Data Availability - Complaints,Data Availability - Video,Data Availability - Other,Data Availability - No Data,Data Availability - Unknown,Law Enforcement Investigating?,Investigating Agency,Investigating Agency - Unknown,Rep Ent Or Mfr Investigating?,Investigating Officer Name,Inv. Officer Name - Unknown,Investigating Officer Phone,Inv. Officer Phone - Unknown,Investigating Officer Email,Inv. Officer Email - Unknown,Within ODD?,Within ODD? - CBI,Narrative,Narrative - CBI?,hub_delta_v_less_than_1mph,hub_zip_code,hub_location,hub_crash_type,hub_is_police_reported,hub_is_any_injury_reported,data_period,reportable_v2,reportable_v3,filter_has_injury,filter_is_vru,filter_has_airbag,filter_has_tow,filter_is_5day_trigger,filter_is_single_vehicle,filter_waymo_struck_another,filter_deltav_over_1mph,filter_waymo_was_moving,filter_waymo_was_stationary
30270-9110,2,Waymo LLC,Update,,,NOV-2024,SADHW2S16R1, ,,Jaguar,I-Pace, ,2024.0, ,ffae69de9f868ce,28223.0, ,,5th Generation ADS, , ,5th Generation, , ,Version 9, , ,, ,Y,,, ,Y,Yes (specify below),"CA DMV, CA PUC",Yes,ADS,Waymo LLC, , ,Y, , , , , ,,OCT-2024, ,OCT-2024,09:17, ,12cf8b6660b49bc,[MAY CONTAIN PERSONALLY IDENTIFIABLE INFORMATION], ,[MAY CONTAIN PERSONALLY IDENTIFIABLE INFORMATION], ,[MAY CONTAIN PERSONALLY IDENTIFIABLE INFORMATION], ,San Francisco, ,CA ,[MAY CONTAIN PERSONALLY IDENTIFIABLE INFORMATION], ,Intersection,Dry,No Unusual Conditions,15.0, ,Daylight,Y, , , , , , , ,,Passenger Car,No Injuries Reported,Yes,Passing,No,No, , , , , , , ,Y, , , ,Stopped,No,No,No Passengers in Vehicle,0.0, ,Y, , , , , , , , , , , , ,Y, ,Y,Y, , ,No,, ,Yes,, ,, ,, ,Yes, ,"This is an update to report 30270-9110-1, submitted on November 14th, 2024. The original report indicated that the Incident Date and Notice Received date were both November 5th, 2024. The correct date for both fields is October [XXX], 2024. The remaining fields are unchanged.
On October [XXX], 2024 at 9:17 AM PT a Waymo Autonomous Vehicle (""Waymo AV"") operating in San Francisco, California was in a collision involving a passenger car on [XXX] at [XXX].
The Waymo AV was traveling eastbound on [XXX] and came to a stop at a red light at the intersection with [XXX] in preparation for a left turn. When the traffic light turned green, heavy traffic  was occupying all available southbound lanes of [XXX] and the Waymo AV remained stationary at the stop line to await an opening for it to complete the left turn. The passenger car behind the Waymo AV drove around the left side of the AV and the rear passenger side of the passenger car made contact with the rear driver side of the Waymo AV. At the time of the impact, the Waymo AV's Level 4 ADS was engaged in autonomous mode. Both vehicles sustained damage.
Waymo is reporting this crash under Request No. 2 of Standing General Order 2021-01. Waymo may supplement or correct its reporting with additional information as it may become available.", ,True,94103,SAN_FRANCISCO,V2V Lateral,False,False,prior_june16,False,False,False,False,False,False,False,False,False,False,False,True
30270-9112,1,Waymo LLC,Monthly,10.0,2024.0,NOV-2024,SADHW2S14R1, ,,Jaguar,I-Pace, ,2024.0, ,4146078966d52fb,6213.0, ,,5th Generation ADS, , ,5th Generation, , ,Version 9, , ,, ,Y,,, ,Y,Yes (specify below),"CA DMV, CA PUC",Yes,ADS,Waymo LLC, , ,Y, , , , , ,,OCT-2024, ,OCT-2024,12:32, ,498f8f9667fb6da,[MAY CONTAIN PERSONALLY IDENTIFIABLE INFORMATION], ,[MAY CONTAIN PERSONALLY IDENTIFIABLE INFORMATION], ,[MAY CONTAIN PERSONALLY IDENTIFIABLE INFORMATION], ,San Francisco, ,CA ,[MAY CONTAIN PERSONALLY IDENTIFIABLE INFORMATION], ,Street,Dry,No Unusual Conditions,25.0, ,Daylight,Y, , , , , , , ,,SUV,No Injuries Reported,Yes,Passing,No,No, , , , , , , ,Y, , , ,Stopped,No,No,Yes,0.0, ,Y, , , , , , , , , , , , ,Y, ,Y,Y, , ,No,, ,Yes,, ,, ,, ,Yes, ,"On October [XXX], 2024 at 12:32 PM PT a Waymo Autonomous Vehicle (Waymo AV) operating in San Francisco, California was in a collision involving an SUV on [XXX] near [XXX].
The Waymo AV was traveling eastbound on [XXX] and came to a stop behind an SUV that was double parked. The Waymo AV remained stationary with oncoming traffic in the opposing lane. Once the traffic cleared, another SUV traveling directly behind the Waymo AV began passing the Waymo AV and the passenger door made contact with the rear driver side of the Waymo AV. At the time of the impact, the Waymo AVs Level 4 ADS was engaged in autonomous mode. Both vehicles sustained damage.
Waymo is reporting this crash under Request No. 2 of Standing General Order 2021-01. Waymo may supplement or correct its reporting with additional information as it may become available.", ,True,94117,SAN_FRANCISCO,V2V Lateral,False,False,prior_june16,False,False,False,False,False,False,False,False,False,False,False,True
30270-9125,1,Waymo LLC,Monthly,10.0,2024.0,NOV-2024,SADHW2S14R1, ,,Jaguar,I-Pace, ,2024.0, ,2d4215722bfaccc,3252.0, ,,5th Generation ADS, , ,5th Generation ADS, , ,Version 9, , ,, ,Y,,, ,Y,Yes (specify below),"CA DMV, CA PUC",Yes,ADS,Waymo LLC, , ,Y, , , , , ,,OCT-2024, ,OCT-2024,15:59, ,d84a74415abe495,[MAY CONTAIN PERSONALLY IDENTIFIABLE INFORMATION], ,[MAY CONTAIN PERSONALLY IDENTIFIABLE INFORMATION], ,[MAY CONTAIN PERSONALLY IDENTIFIABLE INFORMATION], ,San Francisco, ,CA ,[MAY CONTAIN PERSONALLY IDENTIFIABLE INFORMATION], ,Street,Dry,No Unusual Conditions,25.0, ,Daylight,Y, , , , , , , ,,Passenger Car,No Injuries Reported,Yes,Proceeding Straight,No,No, , , , , ,Y, , , , , ,Stopped,No,No,No Passengers in Vehicle,0.0, , , , ,Y, , , , , , , , , ,Y, ,Y,Y, , ,No,, ,Yes,, ,, ,, ,Yes, ,"On October [XXX], 2024 at 3:59 PM PT a Waymo Autonomous Vehicle (""Waymo AV"") operating in San Francisco, California was in a collision involving a passenger car on [XXX] at [XXX]. 
The Waymo AV was traveling southeast on [XXX] and came to a stop for a queue of traffic stopped at the red light at the intersection with [XXX]. While the Waymo AV was stopped, a passenger car approached the Waymo AV from behind and the front bumper of the passenger car made contact with the rear bumper of the Waymo AV.  At the time of the impact, the Waymo AV's Level 4 ADS was engaged in autonomous mode. Both vehicles sustained damage.
Waymo is reporting this crash under Request No. 2 of Standing General Order 2021-01.  Waymo may supplement or correct its reporting with additional information as it may become available.", ,False,94103,SAN_FRANCISCO,V2V F2R,False,False,prior_june16,False,True,False,False,False,False,False,False,False,True,False,True
30270-9126,1,Waymo LLC,Monthly,10.0,2024.0,NOV-2024,SADHW2S13R1, ,,Jaguar,I-Pace, ,2024.0, ,f92fafff2a08303,22734.0, ,,5th Generation ADS, , ,5th Generation, , ,Version 9, , ,, ,Y,,, ,Y,Yes (specify below),"CA DMV, CA PUC",Yes,ADS,Waymo LLC, , ,Y, , , , , ,,OCT-2024, ,OCT-2024,09:27, ,e54992c01abf95d,[MAY CONTAIN PERSONALLY IDENTIFIABLE INFORMATION], ,[MAY CONTAIN PERSONALLY IDENTIFIABLE INFORMATION], ,[MAY CONTAIN PERSONALLY IDENTIFIABLE INFORMATION], ,Los Angeles, ,CA ,[MAY CONTAIN PERSONALLY IDENTIFIABLE INFORMATION], ,Street,Dry,No Unusual Conditions,35.0, ,Daylight, , ,Y, , , , , ,,"Other, see Narrative",No Injuries Reported,Yes,"Other, see Narrative",Not Applicable,Not Applicable, , , , , , , , , , ,Y,Proceeding Straight,No,No,Yes,15.0, , , , , , ,Y, , , , , , , ,Y, ,Y,Y, , ,No,, ,Yes,, ,, ,, ,Yes, ,"On October [XXX], 2024 at 9:27 AM PT a Waymo Autonomous Vehicle (""Waymo AV"") operating in Los Angeles, California was in a collision involving road debris on [XXX] at [XXX].
The Waymo AV was traveling eastbound on [XXX] behind a heavily modified recreational vehicle. An exterior panel on the rear of the recreational vehicle fell off the vehicle and into the roadway in front of the AV, and the front bumper of the Waymo AV made contact with the panel. At the time of the impact, the Waymo AV's Level 4 ADS was engaged in autonomous mode. The Waymo AV sustained damage.
Waymo is reporting this crash under Request No. 2 of Standing General Order 2021-01. Waymo may supplement or correct its reporting with additional information as it may become available.", ,True,90024,LOS_ANGELES,Single Vehicle,False,False,prior_june16,True,True,False,False,False,False,False,False,True,False,True,False
30270-9127,1,Waymo LLC,Monthly,10.0,2024.0,NOV-2024,SADHW2S15R1, ,,Jaguar,I-Pace, ,2024.0, ,d1ad9f6bf4db571,23423.0, ,,5th Generation ADS, , ,5th Generation, , ,Version 9, , ,, ,Y,,, ,Y,Yes (specify below),"CA DMV, CA PUC",Yes,ADS,Waymo LLC, , ,Y, , , , , ,,OCT-2024, ,OCT-2024,19:20, ,d501e7edc4b411b,[MAY CONTAIN PERSONALLY IDENTIFIABLE INFORMATION], ,[MAY CONTAIN PERSONALLY IDENTIFIABLE INFORMATION], ,[MAY CONTAIN PERSONALLY IDENTIFIABLE INFORMATION], ,San Francisco, ,CA ,[MAY CONTAIN PERSONALLY IDENTIFIABLE INFORMATION], ,Street,Dry,No Unusual Conditions,25.0, ,Dark - Lighted, , ,Y, , , , , ,,Pickup Truck,No Injuries Reported,Yes,Backing,No,No, , , , , , ,Y, , , , ,Stopped,No,No,Yes,0.0, , , ,Y, , , , , , , , , , ,Y, ,Y,Y, , ,Yes,San Francisco Police Department, ,Yes,[MAY CONTAIN PERSONALLY IDENTIFIABLE INFORMATION], ,,Y,,Y,Yes, ,"On October [XXX], 2024 at 7:20 PM PT a Waymo Autonomous Vehicle (""Waymo AV"") operating in San Francisco, California was in a collision involving a pickup truck on [XXX] at [XXX]. 
The Waymo AV was traveling south on [XXX] when a pickup truck began reversing out of a driveway located on the east side of the roadway. The Waymo AV came to a stop and shifted into reverse to make room for the pickup truck, but before the AV could reverse, the rear of the pickup truck made contact with the front driver side of the Waymo AV.  At the time of the impact, the Waymo AV's Level 4 ADS was engaged in autonomous mode. The Waymo AV sustained damage.
Waymo is reporting this crash under Request No. 2 of Standing General Order 2021-01.  Waymo may supplement or correct its reporting with additional information as it may become available.", ,True,94109,SAN_FRANCISCO,V2V Backing,True,False,prior_june16,False,False,False,False,False,False,False,False,False,False,False,True
30270-9140,1,Waymo LLC,Monthly,10.0,2024.0,NOV-2024,SADHW2S18R1, ,,Jaguar,I-Pace, ,2024.0, ,d674426385f0fc8,15584.0, ,,5th Generation ADS, , ,5th Generation, , ,Version 9, , ,, ,Y,,, ,Y,Yes (specify below),"CA DMV, CA PUC                  ",Yes,ADS,Waymo LLC, , ,Y, , , , , ,,OCT-2024, ,OCT-2024,09:55, ,98ebb610c5d4696,[MAY CONTAIN PERSONALLY IDENTIFIABLE INFORMATION], ,[MAY CONTAIN PERSONALLY IDENTIFIABLE INFORMATION], ,[MAY CONTAIN PERSONALLY IDENTIFIABLE INFORMATION], ,San Francisco, ,CA ,[MAY CONTAIN PERSONALLY IDENTIFIABLE INFORMATION], ,Intersection,Dry,No Unusual Conditions,25.0, ,Daylight,Y, , , , , , , ,,SUV,No Injuries Reported,Yes,Proceeding Straight,No,No, , ,Y, , ,Y, , ,Y, , ,Proceeding Straight,No,No,No Passengers in Vehicle,15.0, , , , , , , ,Y, , , , , , ,Y, ,Y,Y, , ,No,, ,Yes,, ,, ,, ,Yes, ,"On October [XXX], 2024 at 9:55 AM PT a Waymo Autonomous Vehicle (Waymo AV) operating in San Francisco, California was in a collision involving an SUV on [XXX] at [XXX]. 
The Waymo AV was traveling northwest on [XXX] when it came to a stop at a four-way stop sign at the intersection with [XXX]. The Waymo AV then proceeded straight through the intersection when an SUV traveling southwest on [XXX] proceeded past the four-way stop sign at the intersection with [XXX] without first stopping. The front of the SUV then made contact with the rear passenger side of the Waymo AV. At the time of the impact, the Waymo AVs Level 4 ADS was engaged in autonomous mode. Both vehicles sustained damage.
Waymo is reporting this crash under Request No. 2 of Standing General Order 2021-01. Waymo may supplement or correct its reporting with additional information as it may become available.", ,False,94131,SAN_FRANCISCO,V2V Intersection,False,False,prior_june16,False,True,False,False,False,False,False,False,False,True,True,False
30270-9156,1,Waymo LLC,5-Day,,,NOV-2024,SADHW2S19R1, ,,Jaguar,I-Pace, ,2024.0, ,1792591cf154260,34256.0, ,,5th Generation ADS, , ,5th Generation, , ,Version 9, , ,, ,Y,,, ,Y,Yes (specify below),"CA DMV, CA PUC",Yes,ADS,Waymo LLC, , ,Y, , , , , ,,NOV-2024, ,NOV-2024,02:06, ,9d4d9db5fcf01ef,[MAY CONTAIN PERSONALLY IDENTIFIABLE INFORMATION], ,[MAY CONTAIN PERSONALLY IDENTIFIABLE INFORMATION], ,[MAY CONTAIN PERSONALLY IDENTIFIABLE INFORMATION], ,San Francisco, ,CA ,[MAY CONTAIN PERSONALLY IDENTIFIABLE INFORMATION], ,Intersection,Dry,No Unusual Conditions,25.0, ,Dark - Lighted,Y, , , , , , , ,,Passenger Car,No Injuries Reported,Yes,Crossing into Opposing Lane,Yes,No, , ,Y, , , , , , , , ,Stopped,No,Yes,Yes,0.0, , ,Y, , , , , , , , , , , ,Y, ,Y,Y, , ,Yes,San Francisco Police Department, ,Yes,[MAY CONTAIN PERSONALLY IDENTIFIABLE INFORMATION], ,[MAY CONTAIN PERSONALLY IDENTIFIABLE INFORMATION], ,,Y,Yes, ,"On November [XXX], 2024 at 2:06 AM PT a Waymo Autonomous Vehicle (""Waymo AV"") operating in San Francisco, California was in a collision involving a passenger car on [XXX] at [XXX]. 
The Waymo AV was stopped for a red traffic light on eastbound [XXX] at the intersection with [XXX] when a passenger car entered the intersection from northbound [XXX] and began doing donuts within the intersection. The passenger car then exited the intersection proceeding westbound on [XXX], and the passenger car crossed over the center double yellow line and the front driver side of the passenger car made contact with the driver side of the stationary Waymo AV. At the time of the impact, the Waymo AV's Level 4 ADS was engaged in autonomous mode. Both vehicles sustained damage.
Waymo is reporting this crash under Request No. 1 of Standing General Order 2021-01 because of airbag deployment and a vehicle involved was towed away. Waymo may supplement or correct its reporting with additional information as it may become available.", ,False,94133,SAN_FRANCISCO,All Others,True,False,prior_june16,True,True,False,False,True,True,True,False,False,True,False,True
30270-9167,1,Waymo LLC,5-Day,,,NOV-2024,SADHW2S16R1, ,,Jaguar,I-Pace, ,2024.0, ,03e3b08a4b1688a,15636.0, ,,5th Generation ADS, , ,5th Generation, , ,Version 9, , ,, ,Y,,, ,Y,Yes (specify below),"CA DMV, CA PUC",Yes,ADS,Waymo LLC, , ,Y, , , , , ,,NOV-2024, ,NOV-2024,11:31, ,99b93d3b166fa30,[MAY CONTAIN PERSONALLY IDENTIFIABLE INFORMATION], ,[MAY CONTAIN PERSONALLY IDENTIFIABLE INFORMATION], ,[MAY CONTAIN PERSONALLY IDENTIFIABLE INFORMATION], ,San Francisco, ,CA ,[MAY CONTAIN PERSONALLY IDENTIFIABLE INFORMATION], ,Street,Dry,No Unusual Conditions,25.0, ,Daylight,Y, , , , , , , ,,"Other, see Narrative",No Injuries Reported,Yes,Changing Lanes,No,No, , , , , , , ,Y, , , ,Stopped,No,Yes,No Passengers in Vehicle,0.0, , , ,Y, , , , , , , , , , ,Y, ,Y,Y, , ,Yes,San Francisco Police Department, ,Yes,[MAY CONTAIN PERSONALLY IDENTIFIABLE INFORMATION], ,[MAY CONTAIN PERSONALLY IDENTIFIABLE INFORMATION], ,,Y,Yes, ,"On November [XXX], 2024 at 11:31 AM PT a Waymo Autonomous Vehicle (""Waymo AV"") operating in San Francisco, California was in a collision involving an enclosed trailer being towed by a pickup truck on [XXX] at [XXX]. 
The Waymo AV was traveling northwest on [XXX] in the center of three lanes, approaching the intersection with [XXX], at which point [XXX] becomes [XXX]. As the Waymo AV was exiting the intersection, a pickup truck towing an enclosed trailer in the left lane of [XXX] slowed and began to merge into the center lane while the Waymo AV was next to the enclosed trailer. The Waymo AV slowed, and maneuvered slightly toward the right lane on [XXX] before coming to a stop, yielding to the merging pickup truck and enclosed trailer. While the Waymo AV remained stopped, the pickup truck continued merging into the center lane of [XXX], and the passenger side of the enclosed trailer made contact with the front driver side of the stationary Waymo AV. At the time of the impact, the Waymo AV's Level 4 ADS was engaged in autonomous mode. Both the Waymo AV and the enclosed trailer sustained damage.
Waymo is reporting this crash under Request No. 1 of Standing General Order 2021-01 because a vehicle involved was towed away. Waymo may supplement or correct its reporting with additional information as it may become available.", ,True,94111,SAN_FRANCISCO,V2V Lateral,True,False,prior_june16,True,True,False,False,False,True,True,False,False,False,False,True
30270-9170,1,Waymo LLC,5-Day,,,NOV-2024,SADHW2S1XR1, ,,Jaguar,I-Pace, ,2024.0, ,7764ec909f37fb8,14216.0, ,,5th Generation ADS, , ,5th Generation, , ,Version 9, , ,, ,Y,,, ,Y,Yes (specify below),"CA DMV, CA PUC",Yes,ADS,Waymo LLC, , ,Y, , , , , ,,NOV-2024, ,NOV-2024,18:51, ,0cc12230f0d8e74,[MAY CONTAIN PERSONALLY IDENTIFIABLE INFORMATION], ,[MAY CONTAIN PERSONALLY IDENTIFIABLE INFORMATION], ,[MAY CONTAIN PERSONALLY IDENTIFIABLE INFORMATION], ,San Francisco, ,CA ,[MAY CONTAIN PERSONALLY IDENTIFIABLE INFORMATION], ,Street,Dry,No Unusual Conditions,25.0, ,Dark - Lighted,Y, , , , , , , ,,Passenger Car,No Injuries Reported,Yes,Proceeding Straight,No,No, , , , , ,Y, , , , , ,Stopped,No,Yes,Yes,0.0, , , , ,Y, , , , , , , , , ,Y, ,Y,Y, , ,No,, ,Yes,, ,, ,, ,Yes, ,"On November [XXX], 2024 at 6:51 PM PT a Waymo Autonomous Vehicle (""Waymo AV"") operating in San Francisco, California was in a collision involving a passenger car on [XXX] at [XXX].
The Waymo AV was traveling south on [XXX] and came to a stop for a queue of traffic stopped at the red light at the intersection with [XXX]. While the Waymo AV was stopped, a passenger car approached the Waymo AV from behind and the front of the passenger car made contact with the rear of the stopped Waymo AV. At the time of the impact, the Waymo AV's Level 4 ADS was engaged in autonomous mode. Both vehicles sustained damage.
Waymo is reporting this crash under Request No. 1 of Standing General Order 2021-01 because a vehicle involved was towed away. Waymo may supplement or correct its reporting with additional information as it may become available.", ,False,94109,SAN_FRANCISCO,V2V F2R,False,False,prior_june16,True,True,False,False,False,True,True,False,False,True,False,True
30270-9171,1,Waymo LLC,Monthly,10.0,2024.0,NOV-2024,SADHW2S1XM1, ,,Jaguar,I-Pace, ,2021.0, ,839ae0ee3c11b7d,85637.0, ,,5th Generation ADS, , ,5th Generation, , ,Version 9, , ,, ,Y,,, ,Y,Yes (specify below),"CA DMV, CA PUC                ",Yes,ADS,Waymo LLC, , ,Y, , , , , ,,OCT-2024, ,OCT-2024,17:08, ,b705a460b540023,[MAY CONTAIN PERSONALLY IDENTIFIABLE INFORMATION], ,[MAY CONTAIN PERSONALLY IDENTIFIABLE INFORMATION], ,[MAY CONTAIN PERSONALLY IDENTIFIABLE INFORMATION], ,San Francisco, ,CA ,[MAY CONTAIN PERSONALLY IDENTIFIABLE INFORMATION], ,Street,Dry,No Unusual Conditions,25.0, ,Daylight, , ,Y, , , , , ,,SUV,No Injuries Reported,Yes,Passing,No,No, , , , , , , ,Y, , , ,Stopped,No,No,No Passengers in Vehicle,0.0, ,Y, , , , , , , , , , , , ,Y, ,Y,Y, , ,No,, ,Yes,, ,, ,, ,Yes, ,"On October [XXX], 2024 at 5:08 PM PT a Waymo Autonomous Vehicle (Waymo AV) operating in San Francisco, California was in a collision involving an SUV on [XXX] at [XXX].
The Waymo AV was stopped on northbound [XXX] for a passenger pick-up when an SUV that had been traveling behind the Waymo AV began to maneuver around the stopped Waymo AV. As the SUV was passing the stopped Waymo AV, the passenger side of the SUV made contact with the rear driver side corner of the Waymo AV. At the time of the impact, the Waymo AVs Level 4 ADS was engaged in autonomous mode. Both vehicles sustained damage. 
Waymo is reporting this crash under Request No. 2 of Standing General Order 2021-01. Waymo may supplement or correct its reporting with additional information as it may become available.", ,True,94133,SAN_FRANCISCO,V2V Lateral,False,False,prior_june16,False,False,False,False,False,False,False,False,False,False,False,True
30270-9172,1,Waymo LLC,Monthly,10.0,2024.0,NOV-2024,SADHW2S17M1, ,,Jaguar,I-Pace, ,2021.0, ,bad888d23ba1aac,25754.0, ,,5th Generation ADS, , ,5th Generation, , ,Version 9, , ,, ,Y,,, ,Y,Yes (specify below),"CA DMV, CA PUC           ",Yes,ADS,Waymo LLC, , ,Y, , , , , ,,OCT-2024, ,OCT-2024,20:07, ,c362e6f27301e05,[MAY CONTAIN PERSONALLY IDENTIFIABLE INFORMATION], ,[MAY CONTAIN PERSONALLY IDENTIFIABLE INFORMATION], ,[MAY CONTAIN PERSONALLY IDENTIFIABLE INFORMATION], ,San Francisco, ,CA ,[MAY CONTAIN PERSONALLY IDENTIFIABLE INFORMATION], ,Intersection,Dry,No Unusual Conditions,20.0, ,Dark - Lighted,Y, , , , , , , ,,Passenger Car,No Injuries Reported,Yes,Traveling Wrong Way,No,No, , , , , , , ,Y, , , ,Stopped,No,No,Yes,0.0, , , , , , , ,Y, , , , , , ,Y, ,Y,Y, , ,No,, ,Yes,, ,, ,, ,Yes, ,"On October [XXX], 2024 at 8:07 PM PT a Waymo Autonomous Vehicle (Waymo AV) operating in San Francisco, California was in a collision involving a passenger car on [XXX] at [XXX]. 
The Waymo AV was stopped facing a red light in the leftmost lane of a three-lane, one-way only section of eastbound [XXX] at the intersection with [XXX]. When the traffic light ahead of the Waymo AV turned green, the Waymo AV entered the crosswalk but slowed to a stop as it yielded to a passenger car that was traveling west against the flow of traffic on eastbound [XXX] and proceeding straight in the same lane the Waymo AV was occupying. As the passenger car was passing the stopped Waymo AV on the right, the passenger side of the passenger car made contact with the rear passenger side of the Waymo AV. At the time of the impact, the Waymo AVs Level 4 ADS was engaged in autonomous mode. Both vehicles sustained damage.
Waymo is reporting this crash under Request No. 2 of Standing General Order 2021-01.  Waymo may supplement or correct its reporting with additional information as it may become available.", ,False,94109,SAN_FRANCISCO,V2V Head-on,False,False,prior_june16,False,True,False,False,False,False,False,False,False,True,False,True
30270-9173,1,Waymo LLC,Monthly,10.0,2024.0,NOV-2024,SADHW2S13R1, ,,Jaguar,I-Pace, ,2024.0, ,f92fafff2a08303,23444.0, ,,5th Generation ADS, , ,5th Generation, , ,Version 9, , ,, ,Y,,, ,Y,Yes (specify below),"CA DMV, CA PUC",Yes,ADS,Waymo LLC, , ,Y, , , , , ,,OCT-2024, ,OCT-2024,00:42, ,965e0e83c0b1517,[MAY CONTAIN PERSONALLY IDENTIFIABLE INFORMATION], ,[MAY CONTAIN PERSONALLY IDENTIFIABLE INFORMATION], ,[MAY CONTAIN PERSONALLY IDENTIFIABLE INFORMATION], ,Los Angeles, ,CA ,[MAY CONTAIN PERSONALLY IDENTIFIABLE INFORMATION], ,Intersection,Dry,No Unusual Conditions,35.0, ,Dark - Lighted,Y, , , , , , , ,,Passenger Car,No Injuries Reported,Yes,Proceeding Straight,No,No, , , , , ,Y, , , , , ,Stopped,No,No,Yes,0.0, , , , ,Y, , , , , , , , , ,Y, ,Y,Y, , ,No,, ,Yes,, ,, ,, ,Yes, ,"On October [XXX], 2024 at 12:42 AM PT a Waymo Autonomous Vehicle (Waymo AV) operating in Los Angeles, California was in a collision involving a passenger car on [XXX] at [XXX].
The Waymo AV was stopped in traffic for a red light on [XXX] when a passenger car approached the Waymo AV from behind. The front of the passenger car made contact with the rear of the Waymo AV. At the time of the impact, the Waymo AVs Level 4 ADS was engaged in autonomous mode. Both vehicles sustained damage.
Waymo is reporting this crash under Request No. 2 of Standing General Order 2021-01. Waymo may supplement or correct its reporting with additional information as it may become available.", ,False,90007,LOS_ANGELES,V2V F2R,False,False,prior_june16,False,True,False,False,False,False,False,False,False,True,False,True
30270-9175,1,Waymo LLC,Monthly,10.0,2024.0,NOV-2024,SADHW2S12M1, ,,Jaguar,I-Pace, ,2021.0, ,1599ac052bcdb57,104532.0, ,,5th Generation ADS, , ,5th Generation, , ,Version 9, , ,, ,Y,,, ,Y,Yes (specify below),"CA DMV, CA PUC       ",Yes,ADS,Waymo LLC, , ,Y, , , , , ,,OCT-2024, ,OCT-2024,10:40, ,9600255bf152048,[MAY CONTAIN PERSONALLY IDENTIFIABLE INFORMATION], ,[MAY CONTAIN PERSONALLY IDENTIFIABLE INFORMATION], ,[MAY CONTAIN PERSONALLY IDENTIFIABLE INFORMATION], ,San Francisco, ,CA ,[MAY CONTAIN PERSONALLY IDENTIFIABLE INFORMATION], ,Street,Dry,No Unusual Conditions,25.0, ,Daylight, , ,Y, , , , , ,,Pickup Truck,No Injuries Reported,Yes,Parking Maneuver,No,No,Y, , , , , , , , , , ,Stopped,No,No,No Passengers in Vehicle,0.0, , , , , , , , , ,Y, , , , ,Y, ,Y,Y, , ,No,, ,Yes,, ,, ,, ,Yes, ,"On October [XXX], 2024 at 10:40 AM PT a Waymo Autonomous Vehicle (Waymo AV) operating in San Francisco, California was in a collision involving a pickup truck on [XXX] at [XXX].
The Waymo AV was traveling northwest on [XXX] when it came to a stop to yield to a pickup truck directly ahead that began reversing to parallel park. While the Waymo AV remained stopped, the pickup truck continued to reverse at a low rate of speed. The rear driver side of the pickup truck then made contact with the front passenger side of the Waymo AV. At the time of the impact, the Waymo AVs Level 4 ADS was engaged in autonomous mode. Both vehicles sustained damage.
Waymo is reporting this crash under Request No. 2 of Standing General Order 2021-01. Waymo may supplement or correct its reporting with additional information as it may become available.", ,True,94112,SAN_FRANCISCO,V2V Backing,False,False,prior_june16,False,False,False,False,False,False,False,False,False,False,False,True